"loc.id","time1"
95,1
280,2
289,3
289,4
289,5
289,6
95,7
290,8
95,9
289,10
289,11
75,12
289,13
289,14
280,15
95,16
289,17
95,18
289,19
280,20
289,21
289,22
289,23
289,24
289,25
289,26
95,27
95,28
289,29
289,30
95,31
289,32
280,33
75,34
289,35
289,36
289,37
289,38
289,39
289,40
280,41
280,42
95,43
289,44
289,45
289,46
95,47
289,48
129,49
289,50
289,51
43,52
289,53
95,54
289,55
289,56
289,57
289,58
280,59
289,60
170,61
289,62
289,63
289,64
95,65
95,66
289,67
95,68
75,69
289,70
280,71
265,72
129,73
289,74
289,75
289,76
75,77
75,78
176,79
75,80
289,81
75,82
159,83
289,84
289,85
280,86
289,87
43,88
289,89
289,90
289,91
95,92
289,93
289,94
289,95
95,96
43,97
289,98
289,99
280,100
43,101
280,102
280,103
43,104
289,105
280,106
289,107
280,108
95,109
289,110
129,111
289,112
75,113
289,114
280,115
95,116
289,117
226,118
280,119
280,120
75,121
289,122
176,123
289,124
75,125
95,126
289,127
75,128
289,129
289,130
289,131
95,132
289,133
265,134
75,135
289,136
95,137
289,138
289,139
289,140
289,141
95,142
75,143
186,144
75,145
289,146
280,147
289,148
289,149
289,150
280,151
289,152
34,153
95,154
75,155
95,156
75,157
289,158
280,159
289,160
75,161
27,162
288,163
27,164
27,165
269,166
27,167
288,168
27,169
27,170
27,171
128,172
269,173
27,174
27,175
27,176
27,177
269,178
27,179
27,180
288,181
27,182
288,183
27,184
27,185
27,186
269,187
27,188
269,189
269,190
27,191
27,192
269,193
27,194
27,195
288,196
288,197
27,198
27,199
27,200
128,201
269,202
27,203
288,204
27,205
269,206
27,207
27,208
27,209
27,210
37,211
27,212
288,213
27,214
27,215
27,216
27,217
288,218
27,219
288,220
288,221
59,222
288,223
27,224
27,225
27,226
27,227
288,228
27,229
198,230
27,231
269,232
288,233
27,234
128,235
27,236
27,237
27,238
269,239
128,240
176,241
288,242
27,243
27,244
59,245
27,246
27,247
27,248
27,249
27,250
27,251
27,252
27,253
269,254
27,255
128,256
27,257
27,258
288,259
27,260
27,261
27,262
27,263
27,264
288,265
128,266
27,267
27,268
288,269
27,270
27,271
288,272
288,273
27,274
269,275
27,276
288,277
27,278
27,279
269,280
27,281
288,282
27,283
27,284
27,285
27,286
288,287
288,288
27,289
288,290
288,291
269,292
27,293
27,294
288,295
27,296
27,297
27,298
27,299
288,300
128,301
128,302
27,303
288,304
27,305
97,306
269,307
37,308
27,309
27,310
27,311
288,312
288,313
27,314
27,315
27,316
269,317
27,318
269,319
27,320
269,321
288,322
288,323
27,324
269,325
269,326
288,327
288,328
288,329
27,330
128,331
27,332
27,333
269,334
27,335
288,336
27,337
59,338
27,339
234,340
288,341
27,342
27,343
27,344
288,345
27,346
269,347
269,348
288,349
27,350
27,351
27,352
27,353
269,354
27,355
27,356
288,357
27,358
27,359
269,360
288,361
27,362
27,363
288,364
27,365
269,366
27,367
288,368
27,369
269,370
27,371
269,372
128,373
27,374
27,375
27,376
269,377
27,378
27,379
27,380
27,381
27,382
288,383
269,384
288,385
27,386
140,387
269,388
128,389
27,390
269,391
288,392
27,393
27,394
288,395
38,396
5,397
233,398
127,399
266,400
5,401
38,402
127,403
5,404
38,405
233,406
5,407
5,408
127,409
38,410
280,411
127,412
5,413
200,414
38,415
5,416
5,417
127,418
127,419
127,420
38,421
38,422
5,423
5,424
280,425
280,426
280,427
38,428
5,429
38,430
5,431
5,432
233,433
38,434
233,435
233,436
249,437
280,438
5,439
127,440
280,441
38,442
5,443
38,444
280,445
38,446
38,447
51,448
6,449
154,450
280,451
38,452
280,453
233,454
127,455
5,456
127,457
233,458
38,459
38,460
127,461
5,462
5,463
127,464
5,465
127,466
5,467
5,468
38,469
127,470
233,471
38,472
5,473
127,474
162,475
5,476
280,477
51,478
162,479
266,480
127,481
249,482
280,483
127,484
233,485
233,486
38,487
5,488
51,489
127,490
280,491
5,492
51,493
127,494
127,495
51,496
38,497
38,498
127,499
127,500
280,501
38,502
127,503
127,504
280,505
38,506
127,507
5,508
5,509
5,510
38,511
233,512
38,513
280,514
280,515
127,516
38,517
5,518
233,519
127,520
127,521
5,522
5,523
127,524
38,525
5,526
280,527
127,528
280,529
5,530
5,531
5,532
280,533
5,534
5,535
5,536
5,537
5,538
38,539
127,540
5,541
5,542
280,543
5,544
5,545
5,546
5,547
280,548
5,549
5,550
38,551
127,552
154,553
154,554
5,555
38,556
5,557
127,558
5,559
5,560
38,561
51,562
280,563
5,564
127,565
233,566
5,567
127,568
280,569
5,570
266,571
200,572
233,573
38,574
38,575
5,576
280,577
5,578
38,579
5,580
200,581
127,582
280,583
280,584
5,585
5,586
233,587
5,588
5,589
5,590
38,591
5,592
280,593
51,594
5,595
38,596
5,597
127,598
233,599
280,600
280,601
5,602
5,603
38,604
51,605
127,606
127,607
38,608
5,609
38,610
127,611
51,612
5,613
127,614
5,615
127,616
5,617
51,618
5,619
5,620
5,621
38,622
5,623
5,624
38,625
38,626
127,627
127,628
5,629
5,630
38,631
38,632
38,633
127,634
280,635
127,636
127,637
280,638
5,639
5,640
5,641
127,642
38,643
5,644
5,645
162,646
5,647
5,648
127,649
5,650
38,651
280,652
233,653
280,654
127,655
127,656
280,657
38,658
127,659
127,660
5,661
5,662
233,663
5,664
5,665
5,666
280,667
249,668
5,669
127,670
266,671
127,672
280,673
5,674
5,675
127,676
127,677
5,678
127,679
127,680
5,681
5,682
38,683
280,684
5,685
38,686
38,687
233,688
5,689
127,690
5,691
51,692
233,693
38,694
127,695
38,696
38,697
5,698
127,699
5,700
233,701
127,702
127,703
5,704
51,705
233,706
127,707
127,708
5,709
127,710
5,711
280,712
5,713
280,714
5,715
51,716
5,717
6,718
127,719
38,720
233,721
127,722
5,723
5,724
51,725
280,726
5,727
127,728
127,729
5,730
127,731
5,732
51,733
38,734
280,735
127,736
5,737
192,738
192,739
93,740
187,741
2,742
187,743
187,744
9,745
2,746
9,747
187,748
187,749
152,750
99,751
2,752
9,753
99,754
187,755
10,756
295,757
10,758
93,759
272,760
272,761
192,762
295,763
295,764
93,765
187,766
187,767
152,768
9,769
99,770
168,771
187,772
277,773
10,774
187,775
9,776
9,777
187,778
10,779
2,780
93,781
99,782
277,783
2,784
10,785
93,786
187,787
187,788
10,789
9,790
209,791
102,792
93,793
209,794
295,795
168,796
10,797
272,798
9,799
272,800
99,801
10,802
2,803
99,804
9,805
9,806
187,807
272,808
284,809
9,810
192,811
187,812
9,813
93,814
9,815
295,816
9,817
2,818
2,819
192,820
192,821
9,822
209,823
2,824
10,825
187,826
192,827
9,828
2,829
187,830
10,831
10,832
93,833
187,834
9,835
10,836
272,837
99,838
272,839
272,840
93,841
272,842
272,843
187,844
93,845
9,846
277,847
295,848
192,849
152,850
295,851
277,852
9,853
277,854
2,855
9,856
99,857
9,858
272,859
2,860
192,861
187,862
10,863
93,864
2,865
295,866
187,867
10,868
2,869
187,870
9,871
187,872
9,873
99,874
187,875
192,876
295,877
93,878
93,879
9,880
9,881
10,882
102,883
277,884
108,885
99,886
108,887
10,888
2,889
295,890
48,891
192,892
99,893
187,894
10,895
295,896
192,897
9,898
187,899
187,900
295,901
272,902
295,903
2,904
187,905
9,906
9,907
272,908
9,909
2,910
10,911
272,912
187,913
272,914
10,915
10,916
295,917
187,918
272,919
187,920
272,921
10,922
187,923
111,924
10,925
9,926
9,927
187,928
272,929
99,930
295,931
48,932
2,933
187,934
10,935
10,936
71,937
93,938
93,939
99,940
9,941
10,942
48,943
99,944
9,945
99,946
9,947
10,948
9,949
10,950
10,951
272,952
295,953
192,954
102,955
187,956
2,957
93,958
272,959
9,960
10,961
187,962
187,963
9,964
9,965
93,966
295,967
2,968
209,969
99,970
2,971
93,972
10,973
187,974
99,975
99,976
187,977
295,978
9,979
111,980
9,981
277,982
10,983
9,984
272,985
10,986
10,987
10,988
192,989
187,990
272,991
9,992
48,993
187,994
10,995
108,996
9,997
272,998
192,999
48,1000
2,1001
192,1002
2,1003
187,1004
295,1005
295,1006
93,1007
10,1008
192,1009
272,1010
2,1011
192,1012
192,1013
272,1014
192,1015
10,1016
9,1017
192,1018
272,1019
295,1020
10,1021
99,1022
187,1023
93,1024
187,1025
93,1026
93,1027
9,1028
9,1029
2,1030
187,1031
187,1032
10,1033
10,1034
272,1035
93,1036
187,1037
2,1038
9,1039
187,1040
272,1041
9,1042
99,1043
10,1044
9,1045
192,1046
93,1047
102,1048
192,1049
2,1050
187,1051
272,1052
9,1053
9,1054
93,1055
168,1056
295,1057
99,1058
192,1059
187,1060
9,1061
187,1062
187,1063
272,1064
2,1065
99,1066
277,1067
187,1068
187,1069
187,1070
10,1071
187,1072
2,1073
93,1074
187,1075
102,1076
2,1077
272,1078
277,1079
255,1080
93,1081
295,1082
2,1083
9,1084
9,1085
10,1086
2,1087
187,1088
10,1089
192,1090
9,1091
187,1092
10,1093
2,1094
9,1095
9,1096
9,1097
10,1098
272,1099
272,1100
187,1101
99,1102
187,1103
9,1104
192,1105
295,1106
187,1107
10,1108
2,1109
187,1110
10,1111
192,1112
272,1113
272,1114
272,1115
9,1116
9,1117
2,1118
187,1119
2,1120
2,1121
10,1122
209,1123
277,1124
99,1125
9,1126
9,1127
295,1128
9,1129
9,1130
2,1131
187,1132
2,1133
295,1134
9,1135
187,1136
187,1137
295,1138
10,1139
2,1140
99,1141
192,1142
187,1143
192,1144
277,1145
187,1146
192,1147
9,1148
272,1149
10,1150
192,1151
192,1152
192,1153
99,1154
2,1155
187,1156
187,1157
9,1158
48,1159
295,1160
10,1161
192,1162
295,1163
10,1164
2,1165
272,1166
2,1167
272,1168
2,1169
272,1170
9,1171
272,1172
99,1173
187,1174
9,1175
99,1176
192,1177
272,1178
48,1179
9,1180
10,1181
187,1182
2,1183
295,1184
9,1185
187,1186
48,1187
272,1188
187,1189
10,1190
187,1191
9,1192
9,1193
192,1194
209,1195
99,1196
295,1197
187,1198
2,1199
192,1200
192,1201
10,1202
9,1203
99,1204
187,1205
192,1206
124,1207
187,1208
192,1209
187,1210
272,1211
272,1212
192,1213
10,1214
192,1215
187,1216
9,1217
272,1218
10,1219
10,1220
152,1221
2,1222
2,1223
9,1224
2,1225
10,1226
2,1227
48,1228
9,1229
187,1230
187,1231
295,1232
295,1233
295,1234
102,1235
99,1236
2,1237
209,1238
99,1239
93,1240
187,1241
295,1242
187,1243
272,1244
9,1245
99,1246
2,1247
272,1248
295,1249
295,1250
192,1251
152,1252
192,1253
272,1254
10,1255
187,1256
10,1257
9,1258
187,1259
187,1260
187,1261
39,1262
39,1263
150,1264
218,1265
39,1266
268,1267
288,1268
39,1269
288,1270
39,1271
218,1272
19,1273
19,1274
39,1275
218,1276
39,1277
188,1278
288,1279
19,1280
288,1281
288,1282
218,1283
39,1284
150,1285
218,1286
288,1287
288,1288
39,1289
288,1290
39,1291
288,1292
288,1293
116,1294
288,1295
288,1296
218,1297
16,1298
150,1299
188,1300
19,1301
188,1302
116,1303
288,1304
39,1305
39,1306
39,1307
268,1308
31,1309
288,1310
39,1311
94,1312
39,1313
39,1314
39,1315
218,1316
172,1317
39,1318
39,1319
188,1320
39,1321
39,1322
228,1323
288,1324
288,1325
94,1326
288,1327
218,1328
188,1329
39,1330
39,1331
39,1332
288,1333
288,1334
39,1335
19,1336
39,1337
172,1338
228,1339
288,1340
39,1341
39,1342
288,1343
39,1344
39,1345
39,1346
188,1347
218,1348
288,1349
218,1350
39,1351
288,1352
39,1353
288,1354
288,1355
39,1356
288,1357
39,1358
31,1359
288,1360
94,1361
39,1362
188,1363
227,1364
288,1365
39,1366
39,1367
31,1368
94,1369
288,1370
39,1371
218,1372
39,1373
39,1374
288,1375
39,1376
218,1377
188,1378
39,1379
288,1380
288,1381
188,1382
288,1383
288,1384
288,1385
39,1386
288,1387
39,1388
288,1389
195,1390
36,1391
36,1392
36,1393
36,1394
36,1395
195,1396
36,1397
23,1398
195,1399
36,1400
174,1401
36,1402
36,1403
36,1404
36,1405
195,1406
36,1407
36,1408
174,1409
36,1410
36,1411
12,1412
36,1413
36,1414
36,1415
174,1416
195,1417
36,1418
36,1419
36,1420
36,1421
36,1422
195,1423
195,1424
36,1425
36,1426
36,1427
174,1428
36,1429
36,1430
195,1431
195,1432
195,1433
36,1434
174,1435
36,1436
36,1437
195,1438
36,1439
195,1440
174,1441
36,1442
12,1443
195,1444
195,1445
174,1446
36,1447
195,1448
36,1449
174,1450
36,1451
36,1452
36,1453
36,1454
36,1455
195,1456
195,1457
36,1458
23,1459
36,1460
36,1461
36,1462
36,1463
36,1464
36,1465
36,1466
36,1467
36,1468
123,1469
36,1470
36,1471
203,1472
195,1473
36,1474
36,1475
36,1476
174,1477
195,1478
195,1479
195,1480
195,1481
195,1482
195,1483
36,1484
12,1485
36,1486
12,1487
15,1488
12,1489
36,1490
36,1491
36,1492
36,1493
36,1494
195,1495
36,1496
36,1497
36,1498
195,1499
174,1500
36,1501
195,1502
36,1503
195,1504
203,1505
195,1506
23,1507
195,1508
36,1509
195,1510
123,1511
36,1512
195,1513
36,1514
36,1515
36,1516
36,1517
195,1518
36,1519
36,1520
36,1521
195,1522
195,1523
36,1524
174,1525
195,1526
174,1527
36,1528
36,1529
36,1530
36,1531
36,1532
36,1533
174,1534
36,1535
36,1536
174,1537
174,1538
36,1539
23,1540
36,1541
36,1542
36,1543
195,1544
36,1545
36,1546
195,1547
195,1548
36,1549
36,1550
36,1551
36,1552
36,1553
36,1554
36,1555
174,1556
195,1557
8,1558
195,1559
195,1560
36,1561
36,1562
36,1563
36,1564
36,1565
36,1566
36,1567
36,1568
208,1569
8,1570
36,1571
36,1572
174,1573
36,1574
195,1575
36,1576
36,1577
36,1578
36,1579
23,1580
36,1581
36,1582
195,1583
36,1584
36,1585
36,1586
174,1587
36,1588
36,1589
123,1590
174,1591
195,1592
36,1593
36,1594
195,1595
195,1596
174,1597
36,1598
36,1599
36,1600
123,1601
36,1602
195,1603
36,1604
36,1605
36,1606
36,1607
36,1608
36,1609
36,1610
195,1611
195,1612
174,1613
12,1614
195,1615
36,1616
36,1617
195,1618
195,1619
36,1620
195,1621
174,1622
36,1623
36,1624
36,1625
174,1626
195,1627
36,1628
195,1629
36,1630
23,1631
23,1632
36,1633
36,1634
174,1635
36,1636
123,1637
195,1638
36,1639
36,1640
195,1641
36,1642
36,1643
195,1644
8,1645
174,1646
23,1647
36,1648
36,1649
195,1650
195,1651
174,1652
36,1653
36,1654
36,1655
36,1656
8,1657
8,1658
174,1659
36,1660
36,1661
123,1662
195,1663
36,1664
174,1665
36,1666
36,1667
36,1668
195,1669
195,1670
36,1671
36,1672
8,1673
36,1674
36,1675
208,1676
8,1677
195,1678
36,1679
118,1680
23,1681
36,1682
36,1683
36,1684
195,1685
195,1686
36,1687
174,1688
23,1689
195,1690
208,1691
36,1692
174,1693
36,1694
36,1695
36,1696
36,1697
195,1698
36,1699
36,1700
195,1701
12,1702
195,1703
36,1704
23,1705
195,1706
36,1707
8,1708
174,1709
195,1710
36,1711
12,1712
15,1713
36,1714
195,1715
174,1716
23,1717
36,1718
36,1719
195,1720
195,1721
36,1722
174,1723
174,1724
36,1725
195,1726
195,1727
195,1728
36,1729
36,1730
195,1731
36,1732
195,1733
36,1734
203,1735
36,1736
195,1737
23,1738
174,1739
195,1740
36,1741
36,1742
23,1743
36,1744
8,1745
36,1746
36,1747
195,1748
195,1749
36,1750
123,1751
195,1752
36,1753
36,1754
174,1755
195,1756
195,1757
36,1758
195,1759
195,1760
36,1761
208,1762
36,1763
195,1764
195,1765
195,1766
36,1767
36,1768
195,1769
195,1770
36,1771
23,1772
36,1773
195,1774
36,1775
36,1776
36,1777
174,1778
36,1779
174,1780
36,1781
195,1782
195,1783
36,1784
36,1785
36,1786
195,1787
36,1788
12,1789
36,1790
36,1791
195,1792
36,1793
36,1794
36,1795
36,1796
195,1797
195,1798
36,1799
12,1800
36,1801
195,1802
174,1803
36,1804
36,1805
36,1806
203,1807
23,1808
36,1809
195,1810
8,1811
195,1812
195,1813
36,1814
36,1815
36,1816
36,1817
36,1818
36,1819
12,1820
36,1821
195,1822
36,1823
36,1824
36,1825
195,1826
36,1827
36,1828
36,1829
36,1830
36,1831
36,1832
224,1833
174,1834
195,1835
36,1836
195,1837
36,1838
36,1839
36,1840
174,1841
36,1842
36,1843
36,1844
36,1845
36,1846
36,1847
36,1848
174,1849
12,1850
36,1851
174,1852
195,1853
36,1854
36,1855
195,1856
36,1857
36,1858
36,1859
36,1860
195,1861
8,1862
195,1863
12,1864
123,1865
8,1866
195,1867
36,1868
174,1869
36,1870
36,1871
36,1872
23,1873
174,1874
12,1875
195,1876
36,1877
12,1878
36,1879
23,1880
174,1881
174,1882
195,1883
195,1884
195,1885
36,1886
12,1887
8,1888
195,1889
195,1890
36,1891
36,1892
174,1893
36,1894
174,1895
36,1896
36,1897
174,1898
36,1899
195,1900
36,1901
36,1902
181,1903
43,1904
140,1905
43,1906
43,1907
259,1908
140,1909
140,1910
43,1911
43,1912
43,1913
61,1914
233,1915
233,1916
233,1917
43,1918
43,1919
233,1920
258,1921
233,1922
43,1923
43,1924
140,1925
215,1926
43,1927
258,1928
43,1929
140,1930
233,1931
233,1932
43,1933
233,1934
43,1935
43,1936
43,1937
233,1938
229,1939
43,1940
233,1941
43,1942
80,1943
233,1944
140,1945
233,1946
140,1947
43,1948
169,1949
43,1950
233,1951
233,1952
233,1953
43,1954
233,1955
43,1956
233,1957
233,1958
43,1959
140,1960
181,1961
43,1962
140,1963
43,1964
140,1965
181,1966
43,1967
140,1968
140,1969
140,1970
43,1971
43,1972
43,1973
233,1974
233,1975
233,1976
43,1977
43,1978
80,1979
43,1980
233,1981
43,1982
43,1983
5,1984
43,1985
233,1986
43,1987
140,1988
233,1989
233,1990
228,1991
5,1992
15,1993
140,1994
169,1995
43,1996
43,1997
203,1998
233,1999
233,2000
233,2001
140,2002
5,2003
140,2004
43,2005
5,2006
203,2007
43,2008
233,2009
233,2010
69,2011
43,2012
43,2013
140,2014
233,2015
43,2016
43,2017
228,2018
140,2019
233,2020
5,2021
43,2022
140,2023
43,2024
43,2025
233,2026
233,2027
156,2028
233,2029
43,2030
43,2031
15,2032
43,2033
80,2034
233,2035
43,2036
169,2037
43,2038
140,2039
233,2040
233,2041
233,2042
140,2043
43,2044
233,2045
233,2046
43,2047
140,2048
43,2049
233,2050
233,2051
181,2052
233,2053
233,2054
140,2055
15,2056
43,2057
259,2058
233,2059
43,2060
140,2061
43,2062
43,2063
43,2064
259,2065
259,2066
140,2067
233,2068
126,2069
140,2070
43,2071
43,2072
43,2073
43,2074
181,2075
169,2076
140,2077
259,2078
43,2079
140,2080
140,2081
221,2082
140,2083
43,2084
140,2085
233,2086
181,2087
43,2088
233,2089
43,2090
140,2091
233,2092
233,2093
233,2094
43,2095
43,2096
259,2097
140,2098
5,2099
181,2100
140,2101
233,2102
140,2103
140,2104
233,2105
43,2106
140,2107
140,2108
43,2109
43,2110
233,2111
233,2112
43,2113
259,2114
140,2115
140,2116
5,2117
61,2118
43,2119
140,2120
43,2121
233,2122
233,2123
61,2124
181,2125
43,2126
233,2127
169,2128
169,2129
43,2130
107,2131
43,2132
43,2133
233,2134
61,2135
140,2136
140,2137
233,2138
233,2139
43,2140
259,2141
43,2142
43,2143
233,2144
126,2145
43,2146
43,2147
61,2148
43,2149
43,2150
233,2151
43,2152
43,2153
258,2154
233,2155
258,2156
43,2157
140,2158
5,2159
233,2160
140,2161
5,2162
43,2163
140,2164
43,2165
140,2166
233,2167
80,2168
233,2169
5,2170
43,2171
43,2172
181,2173
5,2174
43,2175
140,2176
140,2177
80,2178
43,2179
233,2180
140,2181
233,2182
5,2183
43,2184
259,2185
233,2186
140,2187
15,2188
233,2189
43,2190
5,2191
43,2192
43,2193
15,2194
15,2195
43,2196
140,2197
233,2198
43,2199
233,2200
43,2201
233,2202
140,2203
140,2204
43,2205
43,2206
233,2207
43,2208
156,2209
259,2210
233,2211
5,2212
233,2213
43,2214
140,2215
258,2216
43,2217
80,2218
233,2219
259,2220
43,2221
69,2222
80,2223
233,2224
140,2225
43,2226
80,2227
43,2228
233,2229
43,2230
228,2231
43,2232
258,2233
15,2234
233,2235
107,2236
140,2237
61,2238
5,2239
43,2240
233,2241
43,2242
233,2243
258,2244
43,2245
233,2246
140,2247
43,2248
140,2249
228,2250
233,2251
5,2252
233,2253
43,2254
140,2255
140,2256
233,2257
233,2258
5,2259
233,2260
140,2261
233,2262
233,2263
140,2264
43,2265
233,2266
43,2267
233,2268
233,2269
233,2270
43,2271
140,2272
43,2273
5,2274
43,2275
140,2276
43,2277
140,2278
233,2279
233,2280
43,2281
233,2282
43,2283
181,2284
15,2285
43,2286
140,2287
43,2288
43,2289
43,2290
43,2291
5,2292
233,2293
233,2294
258,2295
43,2296
233,2297
126,2298
43,2299
5,2300
233,2301
140,2302
140,2303
140,2304
43,2305
140,2306
233,2307
80,2308
233,2309
43,2310
43,2311
233,2312
43,2313
233,2314
233,2315
140,2316
140,2317
169,2318
233,2319
43,2320
228,2321
233,2322
233,2323
43,2324
126,2325
43,2326
140,2327
43,2328
15,2329
140,2330
233,2331
5,2332
140,2333
233,2334
43,2335
43,2336
233,2337
228,2338
43,2339
140,2340
43,2341
43,2342
140,2343
233,2344
5,2345
43,2346
233,2347
140,2348
43,2349
233,2350
5,2351
259,2352
233,2353
43,2354
233,2355
43,2356
233,2357
233,2358
43,2359
258,2360
233,2361
43,2362
233,2363
43,2364
233,2365
233,2366
43,2367
5,2368
233,2369
43,2370
43,2371
140,2372
233,2373
233,2374
43,2375
233,2376
43,2377
43,2378
69,2379
140,2380
233,2381
140,2382
169,2383
61,2384
43,2385
126,2386
140,2387
140,2388
181,2389
5,2390
43,2391
233,2392
233,2393
61,2394
43,2395
233,2396
233,2397
169,2398
233,2399
43,2400
233,2401
5,2402
259,2403
140,2404
43,2405
233,2406
140,2407
43,2408
233,2409
233,2410
5,2411
15,2412
43,2413
233,2414
43,2415
233,2416
43,2417
233,2418
233,2419
43,2420
43,2421
43,2422
43,2423
233,2424
43,2425
258,2426
43,2427
5,2428
43,2429
43,2430
228,2431
169,2432
43,2433
233,2434
140,2435
140,2436
233,2437
15,2438
43,2439
61,2440
140,2441
233,2442
126,2443
43,2444
195,2445
43,2446
233,2447
233,2448
43,2449
43,2450
233,2451
126,2452
43,2453
43,2454
15,2455
108,2456
35,2457
108,2458
108,2459
260,2460
64,2461
95,2462
64,2463
115,2464
60,2465
25,2466
108,2467
64,2468
64,2469
147,2470
95,2471
260,2472
95,2473
116,2474
108,2475
28,2476
147,2477
4,2478
95,2479
108,2480
108,2481
115,2482
35,2483
64,2484
95,2485
95,2486
116,2487
268,2488
25,2489
35,2490
111,2491
260,2492
35,2493
268,2494
275,2495
254,2496
268,2497
25,2498
95,2499
268,2500
108,2501
197,2502
108,2503
108,2504
275,2505
116,2506
25,2507
268,2508
64,2509
25,2510
95,2511
275,2512
60,2513
257,2514
95,2515
116,2516
95,2517
226,2518
147,2519
4,2520
108,2521
95,2522
108,2523
42,2524
268,2525
108,2526
268,2527
95,2528
257,2529
95,2530
108,2531
35,2532
147,2533
116,2534
35,2535
108,2536
64,2537
42,2538
268,2539
64,2540
108,2541
64,2542
260,2543
129,2544
95,2545
268,2546
95,2547
108,2548
116,2549
64,2550
28,2551
35,2552
95,2553
13,2554
108,2555
95,2556
95,2557
64,2558
115,2559
35,2560
197,2561
108,2562
95,2563
254,2564
95,2565
115,2566
108,2567
95,2568
95,2569
35,2570
95,2571
64,2572
64,2573
108,2574
64,2575
42,2576
35,2577
268,2578
108,2579
116,2580
260,2581
108,2582
197,2583
108,2584
42,2585
147,2586
35,2587
108,2588
108,2589
115,2590
95,2591
85,2592
64,2593
116,2594
108,2595
95,2596
95,2597
108,2598
95,2599
108,2600
95,2601
260,2602
108,2603
198,2604
108,2605
60,2606
95,2607
35,2608
64,2609
60,2610
108,2611
115,2612
108,2613
64,2614
64,2615
108,2616
108,2617
42,2618
64,2619
116,2620
64,2621
35,2622
197,2623
95,2624
64,2625
115,2626
108,2627
116,2628
268,2629
64,2630
19,2631
95,2632
35,2633
95,2634
116,2635
260,2636
268,2637
108,2638
95,2639
116,2640
108,2641
257,2642
95,2643
95,2644
226,2645
108,2646
115,2647
108,2648
64,2649
95,2650
108,2651
64,2652
60,2653
42,2654
95,2655
147,2656
147,2657
108,2658
108,2659
108,2660
108,2661
95,2662
116,2663
64,2664
268,2665
64,2666
35,2667
35,2668
147,2669
108,2670
108,2671
64,2672
95,2673
64,2674
64,2675
254,2676
115,2677
64,2678
25,2679
35,2680
108,2681
19,2682
35,2683
64,2684
268,2685
108,2686
42,2687
60,2688
116,2689
95,2690
275,2691
116,2692
108,2693
108,2694
13,2695
95,2696
64,2697
115,2698
115,2699
197,2700
64,2701
116,2702
116,2703
95,2704
4,2705
35,2706
60,2707
108,2708
95,2709
108,2710
108,2711
116,2712
147,2713
95,2714
108,2715
268,2716
108,2717
95,2718
108,2719
108,2720
108,2721
64,2722
268,2723
64,2724
115,2725
95,2726
60,2727
64,2728
147,2729
268,2730
35,2731
64,2732
108,2733
108,2734
116,2735
108,2736
108,2737
60,2738
116,2739
108,2740
64,2741
95,2742
108,2743
60,2744
108,2745
42,2746
95,2747
197,2748
260,2749
108,2750
95,2751
64,2752
64,2753
108,2754
95,2755
64,2756
95,2757
116,2758
95,2759
64,2760
64,2761
64,2762
108,2763
25,2764
95,2765
108,2766
116,2767
35,2768
116,2769
116,2770
108,2771
108,2772
64,2773
35,2774
115,2775
108,2776
95,2777
95,2778
60,2779
260,2780
198,2781
95,2782
108,2783
108,2784
108,2785
95,2786
64,2787
147,2788
108,2789
115,2790
95,2791
268,2792
108,2793
95,2794
275,2795
95,2796
64,2797
95,2798
35,2799
226,2800
108,2801
108,2802
108,2803
108,2804
147,2805
4,2806
13,2807
108,2808
268,2809
95,2810
108,2811
64,2812
260,2813
108,2814
95,2815
116,2816
260,2817
108,2818
108,2819
108,2820
95,2821
115,2822
42,2823
108,2824
108,2825
4,2826
267,2827
267,2828
267,2829
66,2830
53,2831
267,2832
188,2833
219,2834
267,2835
267,2836
267,2837
267,2838
267,2839
13,2840
195,2841
109,2842
267,2843
267,2844
267,2845
245,2846
267,2847
267,2848
176,2849
267,2850
267,2851
234,2852
267,2853
267,2854
267,2855
195,2856
292,2857
267,2858
267,2859
267,2860
267,2861
195,2862
219,2863
267,2864
113,2865
195,2866
292,2867
267,2868
176,2869
267,2870
188,2871
267,2872
267,2873
267,2874
267,2875
262,2876
267,2877
292,2878
292,2879
267,2880
267,2881
267,2882
267,2883
267,2884
188,2885
267,2886
176,2887
267,2888
267,2889
188,2890
267,2891
267,2892
53,2893
195,2894
267,2895
267,2896
267,2897
201,2898
267,2899
176,2900
188,2901
267,2902
267,2903
267,2904
292,2905
267,2906
267,2907
234,2908
176,2909
201,2910
262,2911
13,2912
267,2913
267,2914
113,2915
188,2916
267,2917
267,2918
219,2919
267,2920
267,2921
262,2922
234,2923
188,2924
267,2925
267,2926
13,2927
267,2928
267,2929
13,2930
267,2931
53,2932
267,2933
195,2934
267,2935
53,2936
262,2937
267,2938
53,2939
262,2940
292,2941
13,2942
234,2943
267,2944
219,2945
53,2946
267,2947
53,2948
188,2949
219,2950
13,2951
267,2952
195,2953
201,2954
195,2955
219,2956
267,2957
267,2958
267,2959
188,2960
219,2961
53,2962
267,2963
292,2964
267,2965
292,2966
267,2967
113,2968
267,2969
267,2970
267,2971
53,2972
292,2973
219,2974
267,2975
219,2976
267,2977
267,2978
267,2979
267,2980
195,2981
267,2982
219,2983
292,2984
267,2985
53,2986
267,2987
176,2988
267,2989
267,2990
234,2991
267,2992
267,2993
53,2994
195,2995
267,2996
267,2997
267,2998
53,2999
267,3000
267,3001
267,3002
195,3003
267,3004
267,3005
267,3006
113,3007
234,3008
109,3009
53,3010
292,3011
292,3012
267,3013
267,3014
176,3015
267,3016
267,3017
267,3018
267,3019
127,3020
219,3021
219,3022
267,3023
267,3024
267,3025
219,3026
267,3027
113,3028
267,3029
201,3030
267,3031
292,3032
219,3033
201,3034
53,3035
267,3036
201,3037
267,3038
113,3039
292,3040
267,3041
53,3042
53,3043
219,3044
267,3045
267,3046
267,3047
267,3048
219,3049
113,3050
188,3051
13,3052
219,3053
188,3054
262,3055
267,3056
267,3057
267,3058
267,3059
188,3060
297,3061
267,3062
267,3063
267,3064
176,3065
267,3066
262,3067
232,3068
267,3069
267,3070
267,3071
113,3072
267,3073
267,3074
195,3075
176,3076
267,3077
267,3078
267,3079
267,3080
219,3081
267,3082
267,3083
267,3084
267,3085
267,3086
195,3087
267,3088
292,3089
267,3090
267,3091
267,3092
13,3093
267,3094
292,3095
267,3096
267,3097
267,3098
267,3099
267,3100
267,3101
18,3102
267,3103
53,3104
267,3105
267,3106
267,3107
267,3108
292,3109
267,3110
267,3111
292,3112
267,3113
267,3114
201,3115
267,3116
292,3117
13,3118
267,3119
219,3120
267,3121
267,3122
176,3123
267,3124
53,3125
267,3126
219,3127
188,3128
113,3129
267,3130
188,3131
188,3132
292,3133
267,3134
267,3135
267,3136
292,3137
267,3138
267,3139
195,3140
267,3141
267,3142
53,3143
267,3144
219,3145
267,3146
267,3147
219,3148
13,3149
267,3150
267,3151
267,3152
267,3153
53,3154
267,3155
219,3156
267,3157
267,3158
267,3159
267,3160
267,3161
267,3162
195,3163
267,3164
267,3165
113,3166
267,3167
267,3168
267,3169
267,3170
113,3171
13,3172
53,3173
234,3174
267,3175
267,3176
267,3177
53,3178
267,3179
53,3180
267,3181
13,3182
267,3183
267,3184
267,3185
201,3186
267,3187
267,3188
267,3189
53,3190
267,3191
161,3192
161,3193
226,3194
87,3195
133,3196
133,3197
133,3198
133,3199
133,3200
223,3201
226,3202
87,3203
133,3204
198,3205
133,3206
161,3207
133,3208
223,3209
133,3210
133,3211
226,3212
27,3213
226,3214
133,3215
133,3216
133,3217
226,3218
226,3219
161,3220
161,3221
111,3222
77,3223
238,3224
12,3225
282,3226
282,3227
12,3228
77,3229
83,3230
77,3231
78,3232
282,3233
238,3234
282,3235
77,3236
282,3237
282,3238
282,3239
78,3240
77,3241
77,3242
78,3243
282,3244
77,3245
77,3246
77,3247
111,3248
282,3249
282,3250
111,3251
77,3252
238,3253
77,3254
77,3255
282,3256
282,3257
78,3258
77,3259
282,3260
12,3261
282,3262
282,3263
12,3264
111,3265
77,3266
282,3267
282,3268
282,3269
282,3270
77,3271
12,3272
238,3273
142,3274
78,3275
282,3276
111,3277
238,3278
77,3279
282,3280
282,3281
77,3282
12,3283
111,3284
238,3285
238,3286
282,3287
111,3288
78,3289
238,3290
77,3291
282,3292
77,3293
77,3294
282,3295
12,3296
77,3297
238,3298
107,3299
78,3300
77,3301
282,3302
111,3303
282,3304
282,3305
282,3306
282,3307
77,3308
111,3309
282,3310
12,3311
77,3312
78,3313
238,3314
282,3315
282,3316
282,3317
238,3318
78,3319
238,3320
107,3321
282,3322
238,3323
78,3324
238,3325
78,3326
77,3327
238,3328
282,3329
282,3330
77,3331
77,3332
238,3333
12,3334
238,3335
282,3336
77,3337
78,3338
238,3339
12,3340
238,3341
12,3342
118,3343
118,3344
118,3345
118,3346
259,3347
118,3348
259,3349
118,3350
118,3351
118,3352
118,3353
259,3354
118,3355
118,3356
175,3357
118,3358
118,3359
118,3360
70,3361
118,3362
118,3363
97,3364
118,3365
70,3366
97,3367
118,3368
259,3369
118,3370
110,3371
118,3372
118,3373
118,3374
110,3375
118,3376
118,3377
118,3378
118,3379
118,3380
259,3381
259,3382
97,3383
259,3384
118,3385
118,3386
118,3387
97,3388
259,3389
118,3390
259,3391
118,3392
97,3393
97,3394
118,3395
118,3396
97,3397
118,3398
118,3399
118,3400
118,3401
118,3402
259,3403
118,3404
97,3405
259,3406
97,3407
118,3408
70,3409
118,3410
175,3411
118,3412
97,3413
70,3414
70,3415
118,3416
118,3417
118,3418
259,3419
118,3420
118,3421
97,3422
118,3423
118,3424
118,3425
118,3426
118,3427
118,3428
97,3429
118,3430
259,3431
118,3432
118,3433
70,3434
118,3435
118,3436
118,3437
118,3438
259,3439
97,3440
70,3441
118,3442
118,3443
118,3444
118,3445
97,3446
118,3447
154,3448
164,3449
46,3450
154,3451
138,3452
138,3453
154,3454
231,3455
193,3456
187,3457
154,3458
138,3459
138,3460
138,3461
187,3462
187,3463
154,3464
193,3465
46,3466
154,3467
138,3468
231,3469
231,3470
154,3471
46,3472
154,3473
154,3474
154,3475
46,3476
154,3477
138,3478
173,3479
154,3480
154,3481
138,3482
154,3483
154,3484
154,3485
154,3486
154,3487
154,3488
138,3489
193,3490
259,3491
154,3492
138,3493
138,3494
154,3495
154,3496
46,3497
138,3498
46,3499
154,3500
46,3501
193,3502
193,3503
138,3504
154,3505
154,3506
154,3507
138,3508
154,3509
154,3510
138,3511
154,3512
154,3513
138,3514
187,3515
173,3516
154,3517
187,3518
154,3519
154,3520
46,3521
138,3522
164,3523
154,3524
138,3525
154,3526
154,3527
154,3528
138,3529
154,3530
154,3531
154,3532
154,3533
138,3534
46,3535
154,3536
154,3537
46,3538
154,3539
138,3540
154,3541
154,3542
193,3543
138,3544
154,3545
154,3546
154,3547
154,3548
138,3549
154,3550
154,3551
138,3552
104,3553
138,3554
138,3555
154,3556
154,3557
154,3558
154,3559
46,3560
164,3561
154,3562
154,3563
154,3564
154,3565
164,3566
145,3567
154,3568
154,3569
138,3570
154,3571
138,3572
154,3573
154,3574
154,3575
138,3576
154,3577
193,3578
154,3579
138,3580
154,3581
154,3582
154,3583
154,3584
154,3585
138,3586
154,3587
154,3588
164,3589
154,3590
164,3591
138,3592
154,3593
154,3594
154,3595
154,3596
154,3597
154,3598
154,3599
154,3600
154,3601
154,3602
154,3603
164,3604
154,3605
154,3606
164,3607
46,3608
154,3609
154,3610
154,3611
231,3612
154,3613
154,3614
154,3615
154,3616
154,3617
154,3618
154,3619
154,3620
46,3621
154,3622
154,3623
154,3624
164,3625
154,3626
138,3627
154,3628
154,3629
193,3630
154,3631
154,3632
46,3633
154,3634
154,3635
154,3636
138,3637
154,3638
193,3639
154,3640
46,3641
154,3642
46,3643
154,3644
154,3645
46,3646
154,3647
138,3648
46,3649
154,3650
154,3651
154,3652
154,3653
154,3654
154,3655
46,3656
154,3657
154,3658
193,3659
154,3660
46,3661
193,3662
154,3663
154,3664
154,3665
154,3666
154,3667
138,3668
138,3669
154,3670
154,3671
154,3672
46,3673
154,3674
231,3675
164,3676
154,3677
154,3678
193,3679
138,3680
154,3681
154,3682
193,3683
231,3684
164,3685
193,3686
154,3687
145,3688
138,3689
154,3690
154,3691
154,3692
154,3693
231,3694
154,3695
154,3696
154,3697
138,3698
154,3699
231,3700
138,3701
154,3702
154,3703
154,3704
138,3705
154,3706
154,3707
164,3708
154,3709
154,3710
154,3711
154,3712
138,3713
138,3714
154,3715
154,3716
164,3717
154,3718
154,3719
154,3720
154,3721
138,3722
187,3723
154,3724
154,3725
231,3726
145,3727
154,3728
138,3729
154,3730
154,3731
154,3732
193,3733
154,3734
145,3735
154,3736
154,3737
46,3738
154,3739
154,3740
154,3741
138,3742
138,3743
154,3744
154,3745
154,3746
154,3747
154,3748
154,3749
164,3750
154,3751
138,3752
193,3753
154,3754
193,3755
164,3756
164,3757
154,3758
164,3759
154,3760
46,3761
187,3762
164,3763
46,3764
154,3765
154,3766
154,3767
46,3768
154,3769
164,3770
138,3771
46,3772
46,3773
154,3774
173,3775
154,3776
231,3777
138,3778
138,3779
154,3780
154,3781
154,3782
154,3783
154,3784
154,3785
154,3786
46,3787
154,3788
145,3789
154,3790
154,3791
46,3792
187,3793
154,3794
154,3795
154,3796
154,3797
154,3798
138,3799
154,3800
154,3801
154,3802
138,3803
154,3804
154,3805
154,3806
138,3807
154,3808
154,3809
187,3810
154,3811
46,3812
138,3813
154,3814
193,3815
154,3816
46,3817
154,3818
154,3819
193,3820
154,3821
154,3822
193,3823
193,3824
154,3825
46,3826
231,3827
154,3828
154,3829
154,3830
46,3831
164,3832
154,3833
46,3834
154,3835
138,3836
138,3837
154,3838
154,3839
154,3840
138,3841
231,3842
154,3843
154,3844
154,3845
154,3846
173,3847
164,3848
46,3849
154,3850
154,3851
164,3852
138,3853
46,3854
193,3855
231,3856
154,3857
154,3858
154,3859
154,3860
187,3861
154,3862
154,3863
164,3864
154,3865
187,3866
154,3867
187,3868
154,3869
231,3870
187,3871
154,3872
138,3873
138,3874
164,3875
136,3876
113,3877
113,3878
122,3879
122,3880
113,3881
16,3882
122,3883
113,3884
122,3885
122,3886
16,3887
136,3888
136,3889
122,3890
136,3891
16,3892
113,3893
155,3894
122,3895
122,3896
122,3897
155,3898
113,3899
83,3900
16,3901
223,3902
113,3903
122,3904
139,3905
155,3906
16,3907
113,3908
113,3909
223,3910
122,3911
136,3912
16,3913
155,3914
155,3915
16,3916
122,3917
112,3918
122,3919
122,3920
16,3921
113,3922
122,3923
122,3924
155,3925
122,3926
155,3927
122,3928
136,3929
122,3930
136,3931
122,3932
155,3933
122,3934
122,3935
122,3936
189,3937
122,3938
155,3939
223,3940
16,3941
155,3942
122,3943
155,3944
223,3945
155,3946
122,3947
16,3948
113,3949
16,3950
113,3951
53,3952
155,3953
122,3954
16,3955
122,3956
122,3957
90,3958
16,3959
122,3960
122,3961
122,3962
155,3963
122,3964
53,3965
122,3966
136,3967
155,3968
113,3969
136,3970
223,3971
16,3972
16,3973
122,3974
16,3975
122,3976
155,3977
122,3978
136,3979
122,3980
122,3981
223,3982
122,3983
155,3984
136,3985
136,3986
136,3987
122,3988
136,3989
90,3990
155,3991
223,3992
113,3993
122,3994
113,3995
122,3996
122,3997
155,3998
155,3999
122,4000
139,4001
16,4002
122,4003
155,4004
113,4005
122,4006
136,4007
122,4008
16,4009
122,4010
16,4011
122,4012
16,4013
122,4014
113,4015
122,4016
155,4017
122,4018
16,4019
136,4020
122,4021
136,4022
113,4023
122,4024
122,4025
113,4026
122,4027
122,4028
122,4029
122,4030
122,4031
189,4032
136,4033
223,4034
122,4035
113,4036
122,4037
122,4038
189,4039
155,4040
113,4041
122,4042
122,4043
122,4044
122,4045
122,4046
16,4047
5,4048
122,4049
122,4050
113,4051
122,4052
16,4053
16,4054
122,4055
155,4056
122,4057
16,4058
122,4059
122,4060
113,4061
122,4062
122,4063
155,4064
155,4065
122,4066
122,4067
122,4068
136,4069
16,4070
122,4071
122,4072
122,4073
122,4074
136,4075
83,4076
16,4077
113,4078
122,4079
122,4080
155,4081
155,4082
83,4083
83,4084
113,4085
122,4086
136,4087
155,4088
113,4089
122,4090
122,4091
16,4092
122,4093
136,4094
122,4095
16,4096
83,4097
122,4098
113,4099
113,4100
16,4101
122,4102
113,4103
122,4104
122,4105
122,4106
122,4107
122,4108
155,4109
16,4110
223,4111
189,4112
113,4113
122,4114
189,4115
122,4116
122,4117
16,4118
113,4119
16,4120
16,4121
113,4122
155,4123
223,4124
223,4125
122,4126
83,4127
231,4128
294,4129
294,4130
241,4131
231,4132
231,4133
288,4134
126,4135
231,4136
51,4137
241,4138
241,4139
231,4140
231,4141
126,4142
241,4143
288,4144
45,4145
231,4146
294,4147
231,4148
51,4149
202,4150
231,4151
51,4152
294,4153
241,4154
288,4155
120,4156
231,4157
231,4158
231,4159
120,4160
231,4161
231,4162
294,4163
231,4164
231,4165
231,4166
226,4167
231,4168
231,4169
231,4170
71,4171
231,4172
231,4173
231,4174
226,4175
231,4176
45,4177
231,4178
51,4179
231,4180
231,4181
231,4182
241,4183
231,4184
152,4185
231,4186
231,4187
120,4188
231,4189
288,4190
231,4191
231,4192
51,4193
231,4194
126,4195
51,4196
231,4197
231,4198
231,4199
126,4200
231,4201
51,4202
231,4203
202,4204
120,4205
231,4206
231,4207
231,4208
202,4209
231,4210
71,4211
126,4212
294,4213
231,4214
51,4215
152,4216
51,4217
231,4218
231,4219
231,4220
231,4221
202,4222
231,4223
152,4224
202,4225
241,4226
231,4227
231,4228
202,4229
231,4230
231,4231
231,4232
241,4233
51,4234
288,4235
231,4236
231,4237
231,4238
288,4239
241,4240
51,4241
231,4242
231,4243
51,4244
241,4245
231,4246
288,4247
231,4248
241,4249
288,4250
241,4251
231,4252
120,4253
202,4254
231,4255
231,4256
231,4257
231,4258
51,4259
226,4260
231,4261
51,4262
241,4263
231,4264
51,4265
231,4266
294,4267
231,4268
241,4269
51,4270
231,4271
241,4272
51,4273
202,4274
231,4275
231,4276
231,4277
241,4278
241,4279
45,4280
231,4281
231,4282
51,4283
231,4284
241,4285
294,4286
231,4287
45,4288
231,4289
51,4290
202,4291
231,4292
288,4293
231,4294
294,4295
231,4296
231,4297
231,4298
231,4299
51,4300
294,4301
202,4302
241,4303
294,4304
120,4305
294,4306
231,4307
231,4308
231,4309
231,4310
231,4311
231,4312
126,4313
231,4314
126,4315
51,4316
294,4317
202,4318
231,4319
231,4320
231,4321
51,4322
231,4323
231,4324
231,4325
202,4326
231,4327
120,4328
294,4329
231,4330
241,4331
241,4332
85,4333
231,4334
231,4335
294,4336
288,4337
241,4338
294,4339
231,4340
152,4341
202,4342
231,4343
51,4344
288,4345
231,4346
231,4347
231,4348
231,4349
241,4350
202,4351
241,4352
231,4353
231,4354
40,4355
51,4356
241,4357
51,4358
241,4359
40,4360
231,4361
294,4362
231,4363
231,4364
231,4365
231,4366
231,4367
288,4368
51,4369
231,4370
231,4371
241,4372
231,4373
231,4374
231,4375
40,4376
202,4377
51,4378
202,4379
294,4380
51,4381
231,4382
294,4383
294,4384
231,4385
231,4386
231,4387
231,4388
202,4389
231,4390
231,4391
231,4392
231,4393
241,4394
51,4395
51,4396
231,4397
231,4398
231,4399
231,4400
231,4401
231,4402
231,4403
51,4404
231,4405
51,4406
231,4407
241,4408
241,4409
241,4410
231,4411
231,4412
288,4413
202,4414
226,4415
231,4416
202,4417
231,4418
231,4419
231,4420
231,4421
231,4422
231,4423
231,4424
51,4425
288,4426
231,4427
231,4428
231,4429
294,4430
231,4431
231,4432
294,4433
202,4434
231,4435
202,4436
241,4437
231,4438
231,4439
231,4440
231,4441
202,4442
231,4443
294,4444
241,4445
241,4446
231,4447
51,4448
231,4449
288,4450
51,4451
51,4452
51,4453
231,4454
226,4455
241,4456
231,4457
202,4458
40,4459
51,4460
51,4461
231,4462
51,4463
51,4464
146,4465
231,4466
231,4467
126,4468
288,4469
231,4470
231,4471
152,4472
202,4473
126,4474
51,4475
126,4476
51,4477
231,4478
202,4479
231,4480
231,4481
241,4482
231,4483
231,4484
231,4485
231,4486
241,4487
231,4488
231,4489
231,4490
126,4491
231,4492
231,4493
133,4494
202,4495
126,4496
294,4497
241,4498
51,4499
288,4500
241,4501
120,4502
231,4503
231,4504
51,4505
51,4506
231,4507
294,4508
231,4509
51,4510
231,4511
241,4512
120,4513
288,4514
241,4515
231,4516
231,4517
226,4518
231,4519
51,4520
231,4521
120,4522
288,4523
226,4524
294,4525
226,4526
231,4527
202,4528
231,4529
231,4530
241,4531
231,4532
241,4533
231,4534
133,4535
241,4536
231,4537
231,4538
51,4539
120,4540
231,4541
241,4542
51,4543
241,4544
231,4545
51,4546
126,4547
231,4548
51,4549
51,4550
249,4551
231,4552
288,4553
202,4554
241,4555
294,4556
51,4557
231,4558
241,4559
120,4560
231,4561
126,4562
241,4563
288,4564
231,4565
231,4566
288,4567
231,4568
231,4569
231,4570
288,4571
231,4572
51,4573
51,4574
231,4575
51,4576
241,4577
294,4578
231,4579
231,4580
231,4581
231,4582
288,4583
231,4584
231,4585
288,4586
51,4587
241,4588
231,4589
51,4590
51,4591
178,4592
56,4593
103,4594
103,4595
51,4596
103,4597
103,4598
198,4599
56,4600
73,4601
103,4602
103,4603
73,4604
62,4605
73,4606
56,4607
56,4608
79,4609
51,4610
178,4611
103,4612
103,4613
103,4614
178,4615
103,4616
178,4617
277,4618
56,4619
79,4620
178,4621
73,4622
33,4623
103,4624
103,4625
56,4626
73,4627
33,4628
178,4629
56,4630
56,4631
33,4632
73,4633
103,4634
103,4635
103,4636
198,4637
103,4638
155,4639
103,4640
73,4641
178,4642
178,4643
198,4644
198,4645
103,4646
103,4647
103,4648
103,4649
56,4650
178,4651
198,4652
73,4653
178,4654
56,4655
103,4656
103,4657
73,4658
103,4659
178,4660
103,4661
103,4662
103,4663
33,4664
103,4665
103,4666
198,4667
73,4668
56,4669
155,4670
73,4671
178,4672
56,4673
178,4674
33,4675
211,4676
103,4677
178,4678
73,4679
271,4680
33,4681
56,4682
33,4683
56,4684
103,4685
103,4686
271,4687
178,4688
79,4689
103,4690
103,4691
103,4692
178,4693
56,4694
56,4695
103,4696
198,4697
79,4698
33,4699
56,4700
178,4701
73,4702
56,4703
178,4704
73,4705
73,4706
103,4707
103,4708
73,4709
103,4710
178,4711
178,4712
178,4713
56,4714
155,4715
271,4716
198,4717
198,4718
103,4719
33,4720
56,4721
73,4722
237,4723
103,4724
103,4725
73,4726
33,4727
271,4728
103,4729
103,4730
33,4731
178,4732
103,4733
103,4734
73,4735
33,4736
33,4737
56,4738
73,4739
73,4740
178,4741
73,4742
155,4743
103,4744
198,4745
56,4746
271,4747
178,4748
73,4749
178,4750
103,4751
103,4752
33,4753
184,4754
62,4755
178,4756
103,4757
103,4758
56,4759
277,4760
56,4761
56,4762
103,4763
79,4764
198,4765
103,4766
103,4767
178,4768
103,4769
103,4770
103,4771
33,4772
103,4773
56,4774
103,4775
178,4776
33,4777
73,4778
79,4779
56,4780
103,4781
103,4782
33,4783
33,4784
103,4785
56,4786
103,4787
103,4788
103,4789
103,4790
103,4791
103,4792
103,4793
271,4794
103,4795
198,4796
103,4797
73,4798
51,4799
73,4800
33,4801
103,4802
198,4803
198,4804
103,4805
178,4806
33,4807
33,4808
73,4809
103,4810
73,4811
178,4812
73,4813
103,4814
300,4815
103,4816
103,4817
73,4818
271,4819
198,4820
51,4821
56,4822
103,4823
155,4824
103,4825
155,4826
103,4827
155,4828
73,4829
271,4830
178,4831
103,4832
198,4833
103,4834
178,4835
178,4836
73,4837
103,4838
56,4839
73,4840
184,4841
56,4842
103,4843
103,4844
103,4845
178,4846
103,4847
33,4848
33,4849
103,4850
103,4851
73,4852
103,4853
198,4854
33,4855
178,4856
103,4857
73,4858
198,4859
79,4860
103,4861
103,4862
103,4863
33,4864
103,4865
33,4866
178,4867
198,4868
73,4869
33,4870
73,4871
79,4872
73,4873
103,4874
33,4875
56,4876
178,4877
198,4878
73,4879
103,4880
103,4881
33,4882
56,4883
103,4884
300,4885
178,4886
103,4887
103,4888
73,4889
178,4890
33,4891
178,4892
271,4893
103,4894
178,4895
73,4896
103,4897
178,4898
33,4899
103,4900
198,4901
33,4902
277,4903
271,4904
6,4905
25,4906
98,4907
98,4908
6,4909
6,4910
98,4911
6,4912
6,4913
6,4914
6,4915
6,4916
6,4917
6,4918
6,4919
6,4920
6,4921
6,4922
6,4923
6,4924
6,4925
25,4926
6,4927
6,4928
6,4929
6,4930
6,4931
6,4932
98,4933
6,4934
6,4935
286,4936
6,4937
6,4938
6,4939
6,4940
98,4941
6,4942
98,4943
6,4944
98,4945
6,4946
6,4947
6,4948
138,4949
138,4950
6,4951
6,4952
6,4953
6,4954
6,4955
6,4956
6,4957
286,4958
6,4959
98,4960
6,4961
6,4962
6,4963
6,4964
285,4965
98,4966
286,4967
6,4968
6,4969
6,4970
6,4971
25,4972
6,4973
138,4974
138,4975
286,4976
6,4977
6,4978
138,4979
263,4980
6,4981
6,4982
6,4983
6,4984
6,4985
6,4986
6,4987
6,4988
6,4989
25,4990
6,4991
6,4992
6,4993
6,4994
6,4995
6,4996
98,4997
6,4998
6,4999
6,5000
6,5001
6,5002
6,5003
6,5004
6,5005
98,5006
6,5007
6,5008
6,5009
6,5010
6,5011
6,5012
6,5013
6,5014
6,5015
98,5016
6,5017
6,5018
263,5019
6,5020
6,5021
6,5022
286,5023
98,5024
25,5025
6,5026
6,5027
286,5028
285,5029
98,5030
6,5031
6,5032
6,5033
6,5034
6,5035
6,5036
6,5037
6,5038
6,5039
6,5040
138,5041
6,5042
286,5043
286,5044
6,5045
6,5046
6,5047
6,5048
6,5049
6,5050
6,5051
6,5052
6,5053
6,5054
6,5055
6,5056
6,5057
6,5058
138,5059
6,5060
6,5061
6,5062
6,5063
6,5064
6,5065
6,5066
6,5067
6,5068
6,5069
6,5070
6,5071
6,5072
6,5073
6,5074
6,5075
6,5076
138,5077
6,5078
6,5079
6,5080
263,5081
6,5082
6,5083
286,5084
6,5085
263,5086
6,5087
98,5088
6,5089
6,5090
285,5091
6,5092
6,5093
6,5094
286,5095
6,5096
6,5097
6,5098
6,5099
6,5100
98,5101
263,5102
6,5103
6,5104
286,5105
6,5106
6,5107
124,5108
6,5109
6,5110
6,5111
6,5112
25,5113
6,5114
173,5115
98,5116
6,5117
6,5118
6,5119
286,5120
6,5121
285,5122
6,5123
263,5124
6,5125
6,5126
6,5127
98,5128
6,5129
6,5130
6,5131
6,5132
6,5133
98,5134
6,5135
6,5136
6,5137
6,5138
6,5139
6,5140
6,5141
173,5142
138,5143
6,5144
6,5145
35,5146
6,5147
6,5148
68,5149
6,5150
6,5151
263,5152
35,5153
6,5154
173,5155
6,5156
286,5157
6,5158
6,5159
25,5160
173,5161
6,5162
6,5163
6,5164
6,5165
6,5166
6,5167
285,5168
6,5169
6,5170
6,5171
6,5172
6,5173
6,5174
6,5175
6,5176
98,5177
6,5178
98,5179
6,5180
98,5181
263,5182
6,5183
6,5184
6,5185
263,5186
6,5187
6,5188
286,5189
6,5190
263,5191
6,5192
6,5193
6,5194
6,5195
6,5196
6,5197
6,5198
6,5199
6,5200
6,5201
6,5202
6,5203
6,5204
6,5205
6,5206
6,5207
98,5208
285,5209
6,5210
6,5211
6,5212
98,5213
6,5214
98,5215
6,5216
6,5217
98,5218
6,5219
6,5220
6,5221
6,5222
6,5223
6,5224
6,5225
286,5226
6,5227
6,5228
6,5229
6,5230
6,5231
6,5232
6,5233
6,5234
6,5235
6,5236
263,5237
6,5238
6,5239
6,5240
286,5241
6,5242
6,5243
179,5244
6,5245
6,5246
6,5247
286,5248
6,5249
6,5250
6,5251
285,5252
6,5253
98,5254
6,5255
6,5256
263,5257
6,5258
173,5259
6,5260
6,5261
6,5262
263,5263
6,5264
285,5265
6,5266
6,5267
6,5268
6,5269
6,5270
6,5271
6,5272
286,5273
98,5274
286,5275
286,5276
263,5277
6,5278
6,5279
263,5280
6,5281
6,5282
6,5283
6,5284
6,5285
6,5286
6,5287
286,5288
6,5289
263,5290
286,5291
6,5292
6,5293
286,5294
98,5295
147,5296
98,5297
6,5298
98,5299
6,5300
6,5301
25,5302
6,5303
98,5304
6,5305
6,5306
6,5307
6,5308
6,5309
263,5310
6,5311
98,5312
6,5313
6,5314
25,5315
6,5316
6,5317
6,5318
98,5319
98,5320
290,5321
61,5322
61,5323
61,5324
98,5325
98,5326
73,5327
61,5328
61,5329
61,5330
163,5331
98,5332
98,5333
61,5334
61,5335
158,5336
61,5337
98,5338
290,5339
98,5340
98,5341
61,5342
158,5343
61,5344
98,5345
61,5346
73,5347
61,5348
116,5349
98,5350
61,5351
61,5352
158,5353
73,5354
61,5355
61,5356
61,5357
163,5358
98,5359
4,5360
98,5361
61,5362
61,5363
4,5364
98,5365
61,5366
158,5367
61,5368
61,5369
73,5370
290,5371
98,5372
98,5373
98,5374
248,5375
98,5376
98,5377
98,5378
73,5379
98,5380
116,5381
290,5382
290,5383
290,5384
98,5385
73,5386
73,5387
61,5388
61,5389
98,5390
248,5391
89,5392
98,5393
158,5394
61,5395
61,5396
158,5397
61,5398
290,5399
61,5400
61,5401
98,5402
98,5403
98,5404
61,5405
98,5406
116,5407
61,5408
4,5409
73,5410
61,5411
61,5412
61,5413
158,5414
98,5415
61,5416
248,5417
290,5418
61,5419
98,5420
61,5421
73,5422
61,5423
98,5424
61,5425
61,5426
98,5427
73,5428
61,5429
61,5430
61,5431
4,5432
98,5433
290,5434
98,5435
61,5436
116,5437
76,5438
290,5439
98,5440
290,5441
290,5442
158,5443
61,5444
61,5445
61,5446
73,5447
61,5448
61,5449
290,5450
61,5451
98,5452
116,5453
73,5454
89,5455
290,5456
158,5457
73,5458
61,5459
61,5460
61,5461
98,5462
61,5463
61,5464
73,5465
61,5466
98,5467
73,5468
98,5469
61,5470
290,5471
98,5472
98,5473
89,5474
276,5475
61,5476
98,5477
98,5478
61,5479
61,5480
61,5481
89,5482
61,5483
290,5484
61,5485
61,5486
61,5487
61,5488
98,5489
158,5490
61,5491
61,5492
290,5493
98,5494
290,5495
98,5496
98,5497
61,5498
73,5499
73,5500
61,5501
116,5502
61,5503
73,5504
61,5505
98,5506
290,5507
61,5508
73,5509
61,5510
98,5511
61,5512
61,5513
290,5514
158,5515
98,5516
98,5517
290,5518
73,5519
290,5520
98,5521
73,5522
98,5523
98,5524
61,5525
73,5526
98,5527
98,5528
116,5529
61,5530
61,5531
98,5532
116,5533
290,5534
61,5535
290,5536
98,5537
61,5538
98,5539
61,5540
61,5541
290,5542
98,5543
61,5544
61,5545
89,5546
98,5547
290,5548
158,5549
61,5550
61,5551
73,5552
61,5553
61,5554
98,5555
61,5556
163,5557
158,5558
98,5559
158,5560
61,5561
61,5562
98,5563
61,5564
98,5565
290,5566
116,5567
4,5568
290,5569
61,5570
98,5571
61,5572
158,5573
61,5574
98,5575
98,5576
61,5577
98,5578
61,5579
290,5580
61,5581
61,5582
61,5583
98,5584
116,5585
61,5586
98,5587
98,5588
290,5589
98,5590
61,5591
158,5592
158,5593
61,5594
98,5595
61,5596
61,5597
73,5598
61,5599
61,5600
290,5601
98,5602
290,5603
61,5604
98,5605
61,5606
98,5607
290,5608
61,5609
61,5610
98,5611
158,5612
61,5613
98,5614
61,5615
61,5616
61,5617
158,5618
73,5619
98,5620
73,5621
61,5622
4,5623
98,5624
290,5625
98,5626
98,5627
73,5628
61,5629
61,5630
4,5631
98,5632
98,5633
61,5634
61,5635
61,5636
61,5637
98,5638
290,5639
98,5640
98,5641
61,5642
61,5643
61,5644
290,5645
73,5646
98,5647
98,5648
116,5649
158,5650
290,5651
98,5652
61,5653
98,5654
50,5655
4,5656
290,5657
61,5658
61,5659
290,5660
165,5661
220,5662
61,5663
61,5664
61,5665
158,5666
61,5667
290,5668
98,5669
290,5670
73,5671
89,5672
158,5673
98,5674
61,5675
98,5676
73,5677
61,5678
290,5679
61,5680
61,5681
89,5682
61,5683
61,5684
98,5685
98,5686
290,5687
73,5688
73,5689
61,5690
294,5691
73,5692
61,5693
290,5694
61,5695
89,5696
98,5697
61,5698
61,5699
61,5700
290,5701
61,5702
290,5703
61,5704
73,5705
61,5706
73,5707
61,5708
98,5709
61,5710
61,5711
98,5712
61,5713
158,5714
61,5715
61,5716
98,5717
98,5718
98,5719
61,5720
61,5721
98,5722
98,5723
61,5724
73,5725
98,5726
61,5727
61,5728
158,5729
98,5730
61,5731
61,5732
158,5733
61,5734
61,5735
61,5736
98,5737
61,5738
61,5739
73,5740
290,5741
98,5742
290,5743
61,5744
61,5745
98,5746
61,5747
61,5748
290,5749
73,5750
61,5751
98,5752
290,5753
73,5754
61,5755
61,5756
73,5757
98,5758
73,5759
98,5760
290,5761
73,5762
98,5763
248,5764
61,5765
73,5766
61,5767
61,5768
98,5769
98,5770
61,5771
61,5772
61,5773
98,5774
61,5775
61,5776
98,5777
158,5778
73,5779
98,5780
61,5781
98,5782
61,5783
61,5784
290,5785
290,5786
158,5787
61,5788
98,5789
61,5790
61,5791
61,5792
61,5793
290,5794
73,5795
61,5796
61,5797
61,5798
158,5799
116,5800
98,5801
89,5802
98,5803
61,5804
98,5805
98,5806
290,5807
158,5808
61,5809
290,5810
61,5811
290,5812
98,5813
158,5814
98,5815
61,5816
61,5817
98,5818
61,5819
98,5820
98,5821
61,5822
61,5823
98,5824
61,5825
61,5826
158,5827
61,5828
61,5829
61,5830
98,5831
98,5832
158,5833
98,5834
61,5835
61,5836
98,5837
290,5838
98,5839
98,5840
73,5841
61,5842
98,5843
61,5844
98,5845
98,5846
98,5847
290,5848
98,5849
4,5850
61,5851
61,5852
158,5853
276,5854
116,5855
61,5856
61,5857
61,5858
290,5859
290,5860
31,5861
133,5862
133,5863
212,5864
133,5865
106,5866
223,5867
106,5868
209,5869
258,5870
258,5871
198,5872
238,5873
258,5874
223,5875
11,5876
198,5877
133,5878
106,5879
198,5880
258,5881
208,5882
11,5883
258,5884
11,5885
258,5886
11,5887
133,5888
11,5889
11,5890
106,5891
212,5892
198,5893
177,5894
209,5895
106,5896
133,5897
198,5898
11,5899
133,5900
133,5901
258,5902
258,5903
133,5904
11,5905
11,5906
177,5907
133,5908
198,5909
11,5910
198,5911
106,5912
11,5913
11,5914
209,5915
62,5916
106,5917
11,5918
133,5919
177,5920
223,5921
11,5922
177,5923
133,5924
11,5925
258,5926
212,5927
258,5928
223,5929
177,5930
198,5931
11,5932
106,5933
133,5934
223,5935
177,5936
208,5937
133,5938
11,5939
106,5940
258,5941
133,5942
133,5943
11,5944
133,5945
106,5946
133,5947
106,5948
106,5949
258,5950
133,5951
133,5952
11,5953
258,5954
133,5955
133,5956
177,5957
258,5958
106,5959
212,5960
198,5961
258,5962
69,5963
212,5964
133,5965
133,5966
11,5967
133,5968
106,5969
106,5970
133,5971
133,5972
106,5973
106,5974
106,5975
212,5976
11,5977
258,5978
133,5979
208,5980
212,5981
258,5982
62,5983
106,5984
198,5985
106,5986
177,5987
133,5988
11,5989
198,5990
11,5991
11,5992
106,5993
258,5994
133,5995
223,5996
11,5997
133,5998
223,5999
133,6000
258,6001
133,6002
11,6003
177,6004
133,6005
198,6006
133,6007
11,6008
62,6009
11,6010
133,6011
11,6012
106,6013
11,6014
11,6015
258,6016
133,6017
106,6018
209,6019
11,6020
223,6021
11,6022
133,6023
133,6024
11,6025
258,6026
133,6027
62,6028
133,6029
212,6030
133,6031
212,6032
177,6033
133,6034
133,6035
212,6036
11,6037
133,6038
11,6039
198,6040
11,6041
11,6042
133,6043
11,6044
106,6045
258,6046
198,6047
209,6048
133,6049
133,6050
133,6051
106,6052
177,6053
133,6054
133,6055
133,6056
11,6057
258,6058
133,6059
106,6060
133,6061
11,6062
258,6063
106,6064
209,6065
106,6066
106,6067
209,6068
133,6069
106,6070
11,6071
11,6072
258,6073
133,6074
37,6075
7,6076
37,6077
136,6078
271,6079
37,6080
37,6081
102,6082
37,6083
276,6084
46,6085
37,6086
7,6087
271,6088
102,6089
136,6090
37,6091
102,6092
37,6093
37,6094
271,6095
46,6096
276,6097
7,6098
37,6099
136,6100
48,6101
48,6102
37,6103
46,6104
250,6105
46,6106
37,6107
46,6108
7,6109
136,6110
276,6111
7,6112
37,6113
126,6114
37,6115
102,6116
250,6117
37,6118
7,6119
37,6120
136,6121
48,6122
7,6123
107,6124
7,6125
37,6126
107,6127
7,6128
102,6129
7,6130
271,6131
276,6132
37,6133
37,6134
102,6135
48,6136
7,6137
136,6138
37,6139
7,6140
37,6141
37,6142
276,6143
271,6144
276,6145
271,6146
46,6147
37,6148
7,6149
37,6150
7,6151
271,6152
37,6153
37,6154
37,6155
48,6156
158,6157
275,6158
7,6159
7,6160
37,6161
275,6162
48,6163
275,6164
46,6165
46,6166
276,6167
102,6168
275,6169
271,6170
276,6171
37,6172
250,6173
37,6174
48,6175
126,6176
276,6177
37,6178
102,6179
48,6180
126,6181
48,6182
102,6183
7,6184
136,6185
136,6186
7,6187
46,6188
7,6189
136,6190
7,6191
271,6192
7,6193
184,6194
37,6195
37,6196
7,6197
37,6198
7,6199
276,6200
271,6201
37,6202
7,6203
7,6204
7,6205
102,6206
276,6207
275,6208
7,6209
250,6210
37,6211
107,6212
158,6213
136,6214
126,6215
126,6216
37,6217
276,6218
7,6219
275,6220
7,6221
136,6222
37,6223
7,6224
48,6225
7,6226
136,6227
37,6228
7,6229
7,6230
37,6231
7,6232
275,6233
37,6234
37,6235
7,6236
158,6237
48,6238
37,6239
37,6240
102,6241
275,6242
48,6243
271,6244
46,6245
7,6246
275,6247
37,6248
7,6249
7,6250
37,6251
136,6252
7,6253
275,6254
37,6255
37,6256
102,6257
37,6258
7,6259
7,6260
37,6261
7,6262
37,6263
7,6264
275,6265
37,6266
7,6267
37,6268
107,6269
7,6270
7,6271
271,6272
37,6273
281,6274
276,6275
7,6276
48,6277
37,6278
152,6279
37,6280
37,6281
7,6282
46,6283
7,6284
37,6285
271,6286
7,6287
7,6288
275,6289
7,6290
48,6291
126,6292
48,6293
136,6294
275,6295
136,6296
250,6297
102,6298
126,6299
126,6300
37,6301
37,6302
37,6303
48,6304
37,6305
136,6306
7,6307
37,6308
136,6309
37,6310
48,6311
37,6312
37,6313
37,6314
48,6315
7,6316
250,6317
271,6318
37,6319
275,6320
7,6321
271,6322
102,6323
37,6324
37,6325
98,6326
7,6327
37,6328
275,6329
48,6330
37,6331
107,6332
136,6333
37,6334
7,6335
48,6336
102,6337
276,6338
37,6339
7,6340
276,6341
136,6342
102,6343
276,6344
37,6345
250,6346
102,6347
37,6348
7,6349
46,6350
37,6351
7,6352
271,6353
7,6354
37,6355
48,6356
7,6357
102,6358
7,6359
126,6360
7,6361
7,6362
37,6363
7,6364
275,6365
37,6366
102,6367
7,6368
7,6369
48,6370
37,6371
7,6372
276,6373
37,6374
37,6375
7,6376
7,6377
48,6378
7,6379
7,6380
7,6381
102,6382
136,6383
152,6384
126,6385
37,6386
37,6387
37,6388
37,6389
48,6390
102,6391
37,6392
275,6393
37,6394
46,6395
46,6396
126,6397
7,6398
37,6399
7,6400
275,6401
152,6402
7,6403
37,6404
136,6405
7,6406
37,6407
46,6408
271,6409
276,6410
37,6411
7,6412
48,6413
126,6414
107,6415
7,6416
37,6417
37,6418
271,6419
37,6420
126,6421
7,6422
250,6423
7,6424
126,6425
37,6426
276,6427
7,6428
7,6429
7,6430
37,6431
276,6432
7,6433
7,6434
276,6435
48,6436
275,6437
48,6438
250,6439
275,6440
7,6441
7,6442
7,6443
276,6444
48,6445
48,6446
136,6447
7,6448
37,6449
271,6450
7,6451
48,6452
7,6453
276,6454
271,6455
37,6456
37,6457
7,6458
46,6459
37,6460
81,6461
158,6462
7,6463
37,6464
46,6465
276,6466
37,6467
7,6468
7,6469
7,6470
7,6471
276,6472
46,6473
271,6474
102,6475
37,6476
7,6477
7,6478
276,6479
7,6480
7,6481
7,6482
7,6483
7,6484
7,6485
46,6486
37,6487
7,6488
136,6489
126,6490
7,6491
136,6492
107,6493
7,6494
48,6495
126,6496
7,6497
7,6498
7,6499
136,6500
102,6501
7,6502
136,6503
37,6504
250,6505
276,6506
271,6507
136,6508
7,6509
37,6510
37,6511
136,6512
7,6513
107,6514
7,6515
37,6516
37,6517
48,6518
102,6519
37,6520
271,6521
37,6522
48,6523
276,6524
271,6525
7,6526
202,6527
276,6528
275,6529
7,6530
126,6531
126,6532
250,6533
37,6534
37,6535
37,6536
37,6537
276,6538
271,6539
69,6540
197,6541
70,6542
69,6543
219,6544
69,6545
69,6546
69,6547
69,6548
69,6549
69,6550
70,6551
69,6552
69,6553
290,6554
197,6555
197,6556
69,6557
69,6558
70,6559
69,6560
197,6561
69,6562
69,6563
70,6564
70,6565
86,6566
219,6567
121,6568
70,6569
69,6570
69,6571
69,6572
70,6573
86,6574
69,6575
69,6576
197,6577
86,6578
69,6579
290,6580
69,6581
290,6582
69,6583
197,6584
69,6585
86,6586
70,6587
70,6588
290,6589
121,6590
69,6591
69,6592
86,6593
70,6594
69,6595
69,6596
70,6597
86,6598
86,6599
197,6600
69,6601
121,6602
70,6603
69,6604
70,6605
121,6606
70,6607
69,6608
69,6609
70,6610
70,6611
69,6612
69,6613
121,6614
69,6615
197,6616
69,6617
69,6618
260,6619
69,6620
70,6621
69,6622
69,6623
70,6624
69,6625
290,6626
145,6627
70,6628
69,6629
86,6630
197,6631
290,6632
86,6633
197,6634
86,6635
69,6636
69,6637
70,6638
69,6639
69,6640
86,6641
197,6642
70,6643
69,6644
69,6645
69,6646
69,6647
290,6648
197,6649
86,6650
70,6651
70,6652
69,6653
197,6654
69,6655
69,6656
121,6657
197,6658
69,6659
290,6660
86,6661
69,6662
69,6663
86,6664
69,6665
70,6666
69,6667
69,6668
69,6669
69,6670
69,6671
70,6672
197,6673
69,6674
70,6675
86,6676
290,6677
69,6678
86,6679
69,6680
121,6681
86,6682
197,6683
290,6684
290,6685
70,6686
197,6687
290,6688
69,6689
86,6690
70,6691
69,6692
126,6693
69,6694
69,6695
70,6696
70,6697
269,6698
121,6699
86,6700
69,6701
69,6702
69,6703
121,6704
69,6705
69,6706
69,6707
70,6708
86,6709
86,6710
70,6711
69,6712
69,6713
86,6714
69,6715
69,6716
86,6717
69,6718
69,6719
70,6720
69,6721
70,6722
260,6723
69,6724
165,6725
69,6726
290,6727
70,6728
197,6729
86,6730
69,6731
219,6732
86,6733
70,6734
155,6735
69,6736
69,6737
69,6738
69,6739
290,6740
69,6741
69,6742
290,6743
70,6744
69,6745
219,6746
69,6747
69,6748
145,6749
197,6750
155,6751
121,6752
69,6753
290,6754
70,6755
70,6756
69,6757
70,6758
197,6759
69,6760
197,6761
197,6762
197,6763
70,6764
219,6765
197,6766
197,6767
69,6768
219,6769
69,6770
69,6771
69,6772
197,6773
69,6774
86,6775
69,6776
69,6777
86,6778
86,6779
69,6780
197,6781
290,6782
126,6783
290,6784
219,6785
70,6786
69,6787
69,6788
260,6789
69,6790
69,6791
290,6792
130,6793
69,6794
69,6795
197,6796
69,6797
197,6798
69,6799
197,6800
219,6801
70,6802
219,6803
70,6804
86,6805
69,6806
197,6807
260,6808
69,6809
70,6810
197,6811
69,6812
70,6813
290,6814
65,6815
69,6816
70,6817
70,6818
290,6819
236,6820
197,6821
121,6822
86,6823
290,6824
197,6825
197,6826
197,6827
69,6828
121,6829
290,6830
290,6831
260,6832
69,6833
69,6834
69,6835
69,6836
86,6837
69,6838
86,6839
121,6840
70,6841
69,6842
69,6843
69,6844
197,6845
69,6846
86,6847
290,6848
69,6849
70,6850
70,6851
197,6852
70,6853
69,6854
290,6855
86,6856
69,6857
69,6858
69,6859
69,6860
86,6861
69,6862
121,6863
70,6864
69,6865
69,6866
69,6867
197,6868
121,6869
86,6870
69,6871
86,6872
69,6873
69,6874
121,6875
197,6876
69,6877
197,6878
69,6879
69,6880
69,6881
290,6882
70,6883
69,6884
69,6885
69,6886
69,6887
86,6888
260,6889
86,6890
69,6891
69,6892
86,6893
70,6894
69,6895
70,6896
69,6897
69,6898
70,6899
290,6900
70,6901
121,6902
155,6903
69,6904
69,6905
70,6906
70,6907
197,6908
69,6909
70,6910
197,6911
69,6912
86,6913
69,6914
69,6915
69,6916
290,6917
70,6918
197,6919
197,6920
69,6921
86,6922
121,6923
69,6924
70,6925
69,6926
197,6927
70,6928
86,6929
219,6930
219,6931
260,6932
69,6933
69,6934
69,6935
69,6936
121,6937
69,6938
70,6939
69,6940
69,6941
69,6942
197,6943
69,6944
197,6945
70,6946
70,6947
70,6948
69,6949
69,6950
197,6951
121,6952
121,6953
197,6954
86,6955
197,6956
70,6957
69,6958
69,6959
219,6960
197,6961
70,6962
197,6963
197,6964
69,6965
86,6966
260,6967
69,6968
86,6969
86,6970
69,6971
121,6972
70,6973
69,6974
69,6975
197,6976
290,6977
69,6978
70,6979
70,6980
197,6981
121,6982
69,6983
219,6984
69,6985
70,6986
70,6987
69,6988
121,6989
121,6990
165,6991
69,6992
219,6993
69,6994
69,6995
70,6996
69,6997
130,6998
69,6999
70,7000
197,7001
260,7002
197,7003
70,7004
70,7005
86,7006
69,7007
86,7008
70,7009
86,7010
290,7011
69,7012
290,7013
69,7014
86,7015
69,7016
197,7017
197,7018
70,7019
197,7020
69,7021
69,7022
86,7023
70,7024
86,7025
69,7026
69,7027
70,7028
197,7029
70,7030
70,7031
197,7032
219,7033
69,7034
7,7035
70,7036
70,7037
86,7038
165,7039
69,7040
69,7041
197,7042
69,7043
69,7044
121,7045
69,7046
69,7047
69,7048
290,7049
290,7050
197,7051
121,7052
290,7053
70,7054
69,7055
290,7056
86,7057
197,7058
219,7059
69,7060
69,7061
260,7062
70,7063
69,7064
197,7065
70,7066
69,7067
69,7068
121,7069
260,7070
197,7071
86,7072
69,7073
197,7074
269,7075
197,7076
70,7077
69,7078
7,7079
121,7080
14,7081
14,7082
60,7083
261,7084
86,7085
86,7086
228,7087
14,7088
228,7089
55,7090
86,7091
60,7092
60,7093
86,7094
228,7095
14,7096
60,7097
228,7098
60,7099
228,7100
60,7101
86,7102
86,7103
60,7104
60,7105
60,7106
86,7107
86,7108
267,7109
60,7110
228,7111
86,7112
86,7113
86,7114
261,7115
86,7116
60,7117
228,7118
60,7119
60,7120
86,7121
235,7122
228,7123
60,7124
60,7125
60,7126
86,7127
228,7128
228,7129
58,7130
228,7131
14,7132
228,7133
228,7134
111,7135
60,7136
202,7137
60,7138
86,7139
202,7140
14,7141
14,7142
86,7143
261,7144
14,7145
60,7146
60,7147
261,7148
247,7149
60,7150
261,7151
86,7152
261,7153
86,7154
228,7155
60,7156
14,7157
247,7158
86,7159
60,7160
86,7161
60,7162
86,7163
55,7164
60,7165
60,7166
228,7167
86,7168
228,7169
228,7170
86,7171
14,7172
55,7173
261,7174
228,7175
228,7176
86,7177
86,7178
60,7179
235,7180
14,7181
261,7182
86,7183
60,7184
60,7185
60,7186
60,7187
86,7188
86,7189
60,7190
267,7191
267,7192
228,7193
60,7194
60,7195
261,7196
60,7197
60,7198
261,7199
228,7200
86,7201
60,7202
86,7203
228,7204
86,7205
60,7206
60,7207
60,7208
60,7209
60,7210
86,7211
86,7212
58,7213
228,7214
228,7215
60,7216
86,7217
228,7218
86,7219
14,7220
280,7221
280,7222
280,7223
280,7224
190,7225
280,7226
280,7227
32,7228
280,7229
280,7230
32,7231
280,7232
280,7233
190,7234
280,7235
280,7236
32,7237
280,7238
32,7239
154,7240
280,7241
215,7242
280,7243
32,7244
280,7245
280,7246
280,7247
280,7248
32,7249
32,7250
32,7251
32,7252
190,7253
280,7254
32,7255
280,7256
201,7257
32,7258
32,7259
32,7260
32,7261
154,7262
280,7263
280,7264
280,7265
280,7266
280,7267
32,7268
280,7269
190,7270
154,7271
190,7272
190,7273
280,7274
32,7275
280,7276
190,7277
280,7278
201,7279
280,7280
32,7281
190,7282
32,7283
190,7284
32,7285
32,7286
32,7287
32,7288
280,7289
32,7290
190,7291
280,7292
280,7293
280,7294
154,7295
280,7296
280,7297
17,7298
280,7299
280,7300
280,7301
190,7302
32,7303
32,7304
280,7305
32,7306
280,7307
190,7308
280,7309
280,7310
280,7311
32,7312
280,7313
154,7314
190,7315
32,7316
190,7317
280,7318
32,7319
32,7320
32,7321
280,7322
32,7323
280,7324
154,7325
280,7326
32,7327
190,7328
32,7329
280,7330
280,7331
280,7332
32,7333
32,7334
32,7335
154,7336
32,7337
280,7338
215,7339
280,7340
32,7341
32,7342
190,7343
190,7344
190,7345
190,7346
280,7347
32,7348
280,7349
32,7350
154,7351
215,7352
280,7353
280,7354
32,7355
32,7356
190,7357
280,7358
280,7359
190,7360
280,7361
280,7362
32,7363
32,7364
190,7365
32,7366
32,7367
280,7368
280,7369
32,7370
190,7371
280,7372
190,7373
32,7374
280,7375
280,7376
32,7377
32,7378
190,7379
280,7380
15,7381
32,7382
280,7383
32,7384
32,7385
190,7386
51,7387
32,7388
32,7389
32,7390
280,7391
280,7392
32,7393
17,7394
280,7395
32,7396
280,7397
190,7398
280,7399
32,7400
32,7401
280,7402
280,7403
32,7404
32,7405
280,7406
280,7407
280,7408
190,7409
173,7410
190,7411
280,7412
173,7413
280,7414
173,7415
280,7416
32,7417
190,7418
280,7419
280,7420
32,7421
201,7422
190,7423
280,7424
32,7425
280,7426
201,7427
190,7428
17,7429
190,7430
32,7431
280,7432
280,7433
280,7434
280,7435
154,7436
280,7437
32,7438
280,7439
190,7440
173,7441
32,7442
280,7443
280,7444
280,7445
280,7446
32,7447
280,7448
280,7449
154,7450
280,7451
190,7452
280,7453
280,7454
280,7455
32,7456
32,7457
280,7458
280,7459
280,7460
190,7461
32,7462
280,7463
280,7464
280,7465
32,7466
280,7467
280,7468
32,7469
280,7470
280,7471
32,7472
17,7473
32,7474
280,7475
280,7476
154,7477
280,7478
32,7479
280,7480
148,7481
280,7482
280,7483
280,7484
32,7485
280,7486
32,7487
190,7488
280,7489
280,7490
32,7491
32,7492
280,7493
190,7494
32,7495
32,7496
280,7497
280,7498
280,7499
148,7500
211,7501
32,7502
280,7503
32,7504
280,7505
280,7506
280,7507
154,7508
280,7509
280,7510
32,7511
32,7512
280,7513
32,7514
280,7515
32,7516
280,7517
32,7518
280,7519
280,7520
280,7521
32,7522
280,7523
280,7524
32,7525
32,7526
190,7527
32,7528
154,7529
280,7530
32,7531
190,7532
32,7533
190,7534
215,7535
190,7536
280,7537
32,7538
280,7539
32,7540
280,7541
215,7542
292,7543
190,7544
280,7545
32,7546
280,7547
280,7548
190,7549
32,7550
280,7551
32,7552
280,7553
190,7554
190,7555
280,7556
32,7557
201,7558
148,7559
215,7560
190,7561
190,7562
32,7563
190,7564
280,7565
32,7566
280,7567
280,7568
190,7569
32,7570
32,7571
280,7572
280,7573
280,7574
32,7575
190,7576
280,7577
32,7578
190,7579
280,7580
280,7581
32,7582
190,7583
32,7584
280,7585
211,7586
280,7587
154,7588
280,7589
280,7590
280,7591
190,7592
190,7593
32,7594
104,7595
215,7596
154,7597
190,7598
280,7599
151,7600
49,7601
253,7602
253,7603
297,7604
253,7605
297,7606
151,7607
151,7608
49,7609
103,7610
151,7611
103,7612
103,7613
49,7614
8,7615
51,7616
253,7617
49,7618
151,7619
297,7620
49,7621
62,7622
49,7623
151,7624
253,7625
151,7626
297,7627
297,7628
151,7629
49,7630
49,7631
103,7632
174,7633
103,7634
253,7635
103,7636
151,7637
179,7638
297,7639
103,7640
253,7641
297,7642
253,7643
103,7644
151,7645
297,7646
297,7647
151,7648
151,7649
151,7650
253,7651
253,7652
49,7653
151,7654
151,7655
103,7656
49,7657
49,7658
103,7659
151,7660
49,7661
151,7662
49,7663
103,7664
151,7665
151,7666
103,7667
151,7668
174,7669
253,7670
253,7671
151,7672
297,7673
151,7674
253,7675
253,7676
8,7677
151,7678
175,7679
64,7680
290,7681
290,7682
10,7683
98,7684
227,7685
64,7686
227,7687
98,7688
227,7689
227,7690
290,7691
227,7692
227,7693
227,7694
98,7695
98,7696
227,7697
98,7698
98,7699
98,7700
98,7701
227,7702
98,7703
178,7704
178,7705
178,7706
227,7707
178,7708
98,7709
227,7710
98,7711
227,7712
290,7713
227,7714
178,7715
227,7716
227,7717
227,7718
98,7719
98,7720
98,7721
64,7722
178,7723
98,7724
10,7725
227,7726
98,7727
227,7728
98,7729
64,7730
98,7731
98,7732
64,7733
227,7734
98,7735
178,7736
98,7737
98,7738
290,7739
98,7740
64,7741
178,7742
175,7743
64,7744
98,7745
114,7746
98,7747
227,7748
178,7749
178,7750
98,7751
98,7752
10,7753
227,7754
98,7755
178,7756
64,7757
98,7758
98,7759
178,7760
98,7761
178,7762
64,7763
178,7764
10,7765
178,7766
98,7767
290,7768
227,7769
178,7770
98,7771
290,7772
98,7773
98,7774
290,7775
178,7776
227,7777
178,7778
98,7779
178,7780
64,7781
44,7782
10,7783
178,7784
98,7785
98,7786
98,7787
98,7788
178,7789
98,7790
64,7791
98,7792
10,7793
98,7794
227,7795
227,7796
98,7797
178,7798
98,7799
227,7800
98,7801
98,7802
178,7803
178,7804
290,7805
98,7806
64,7807
98,7808
98,7809
178,7810
64,7811
178,7812
178,7813
227,7814
98,7815
98,7816
98,7817
98,7818
227,7819
278,7820
175,7821
98,7822
64,7823
227,7824
98,7825
98,7826
98,7827
178,7828
27,7829
27,7830
81,7831
27,7832
284,7833
81,7834
27,7835
27,7836
27,7837
27,7838
15,7839
27,7840
81,7841
81,7842
15,7843
81,7844
170,7845
27,7846
27,7847
81,7848
170,7849
81,7850
15,7851
15,7852
81,7853
15,7854
143,7855
27,7856
27,7857
27,7858
81,7859
27,7860
81,7861
81,7862
81,7863
81,7864
27,7865
279,7866
81,7867
27,7868
27,7869
81,7870
27,7871
81,7872
15,7873
113,7874
15,7875
27,7876
27,7877
81,7878
27,7879
81,7880
27,7881
27,7882
27,7883
27,7884
81,7885
81,7886
27,7887
27,7888
81,7889
15,7890
27,7891
27,7892
27,7893
15,7894
113,7895
81,7896
27,7897
27,7898
15,7899
15,7900
27,7901
27,7902
81,7903
81,7904
81,7905
27,7906
15,7907
27,7908
81,7909
81,7910
27,7911
81,7912
81,7913
143,7914
81,7915
81,7916
196,7917
27,7918
27,7919
81,7920
81,7921
81,7922
27,7923
15,7924
15,7925
15,7926
15,7927
27,7928
15,7929
15,7930
15,7931
81,7932
81,7933
27,7934
81,7935
81,7936
27,7937
27,7938
64,7939
81,7940
64,7941
143,7942
81,7943
208,7944
81,7945
27,7946
27,7947
81,7948
27,7949
15,7950
27,7951
27,7952
15,7953
27,7954
81,7955
27,7956
27,7957
81,7958
27,7959
15,7960
81,7961
27,7962
15,7963
81,7964
81,7965
81,7966
27,7967
143,7968
81,7969
27,7970
15,7971
27,7972
27,7973
15,7974
81,7975
81,7976
27,7977
81,7978
27,7979
279,7980
27,7981
279,7982
27,7983
15,7984
15,7985
27,7986
27,7987
27,7988
81,7989
81,7990
279,7991
15,7992
27,7993
81,7994
15,7995
113,7996
81,7997
27,7998
27,7999
81,8000
27,8001
27,8002
27,8003
81,8004
15,8005
279,8006
81,8007
81,8008
27,8009
211,8010
27,8011
27,8012
170,8013
15,8014
27,8015
32,8016
81,8017
27,8018
27,8019
27,8020
27,8021
15,8022
27,8023
81,8024
27,8025
27,8026
81,8027
15,8028
15,8029
81,8030
27,8031
27,8032
81,8033
81,8034
81,8035
81,8036
15,8037
27,8038
81,8039
27,8040
81,8041
81,8042
15,8043
27,8044
81,8045
196,8046
27,8047
81,8048
27,8049
27,8050
81,8051
170,8052
143,8053
81,8054
27,8055
81,8056
27,8057
81,8058
208,8059
81,8060
27,8061
260,8062
260,8063
260,8064
207,8065
207,8066
207,8067
298,8068
143,8069
298,8070
143,8071
283,8072
19,8073
143,8074
270,8075
270,8076
298,8077
283,8078
283,8079
270,8080
298,8081
298,8082
298,8083
283,8084
270,8085
298,8086
283,8087
298,8088
283,8089
270,8090
270,8091
283,8092
270,8093
143,8094
270,8095
270,8096
283,8097
270,8098
270,8099
298,8100
298,8101
298,8102
17,8103
283,8104
270,8105
270,8106
40,8107
283,8108
143,8109
298,8110
270,8111
283,8112
143,8113
270,8114
270,8115
143,8116
17,8117
298,8118
283,8119
270,8120
121,8121
283,8122
19,8123
283,8124
270,8125
283,8126
19,8127
143,8128
17,8129
283,8130
298,8131
283,8132
283,8133
270,8134
298,8135
270,8136
40,8137
143,8138
143,8139
40,8140
283,8141
270,8142
143,8143
298,8144
298,8145
283,8146
270,8147
143,8148
270,8149
143,8150
298,8151
270,8152
283,8153
283,8154
283,8155
270,8156
143,8157
270,8158
270,8159
298,8160
270,8161
143,8162
270,8163
283,8164
270,8165
270,8166
143,8167
143,8168
270,8169
270,8170
283,8171
143,8172
40,8173
283,8174
298,8175
143,8176
270,8177
298,8178
270,8179
213,8180
283,8181
270,8182
143,8183
298,8184
283,8185
270,8186
283,8187
283,8188
270,8189
270,8190
270,8191
143,8192
270,8193
270,8194
143,8195
270,8196
283,8197
298,8198
298,8199
283,8200
283,8201
283,8202
298,8203
270,8204
17,8205
40,8206
283,8207
283,8208
270,8209
270,8210
298,8211
237,8212
270,8213
283,8214
270,8215
143,8216
283,8217
270,8218
283,8219
298,8220
143,8221
270,8222
270,8223
283,8224
283,8225
298,8226
270,8227
283,8228
270,8229
283,8230
86,8231
270,8232
283,8233
283,8234
143,8235
270,8236
143,8237
270,8238
270,8239
19,8240
270,8241
121,8242
19,8243
17,8244
270,8245
143,8246
283,8247
40,8248
283,8249
270,8250
298,8251
143,8252
143,8253
283,8254
86,8255
270,8256
283,8257
143,8258
270,8259
40,8260
270,8261
270,8262
270,8263
270,8264
298,8265
143,8266
143,8267
283,8268
270,8269
270,8270
283,8271
283,8272
143,8273
17,8274
143,8275
283,8276
19,8277
291,8278
224,8279
49,8280
49,8281
49,8282
291,8283
291,8284
49,8285
3,8286
182,8287
182,8288
294,8289
182,8290
182,8291
3,8292
294,8293
64,8294
294,8295
49,8296
291,8297
64,8298
194,8299
291,8300
294,8301
49,8302
182,8303
294,8304
64,8305
49,8306
182,8307
291,8308
291,8309
49,8310
224,8311
291,8312
294,8313
182,8314
64,8315
3,8316
49,8317
195,8318
291,8319
291,8320
49,8321
291,8322
64,8323
182,8324
291,8325
291,8326
291,8327
182,8328
224,8329
64,8330
182,8331
64,8332
291,8333
291,8334
49,8335
49,8336
3,8337
64,8338
291,8339
182,8340
64,8341
194,8342
291,8343
3,8344
291,8345
224,8346
64,8347
224,8348
49,8349
291,8350
3,8351
194,8352
255,8353
49,8354
224,8355
182,8356
291,8357
291,8358
291,8359
224,8360
291,8361
224,8362
224,8363
291,8364
291,8365
3,8366
64,8367
291,8368
291,8369
291,8370
291,8371
182,8372
49,8373
291,8374
291,8375
49,8376
49,8377
182,8378
182,8379
291,8380
182,8381
64,8382
49,8383
182,8384
3,8385
3,8386
64,8387
291,8388
64,8389
294,8390
291,8391
291,8392
224,8393
194,8394
294,8395
49,8396
291,8397
49,8398
64,8399
224,8400
294,8401
294,8402
182,8403
49,8404
291,8405
182,8406
49,8407
64,8408
179,8409
49,8410
49,8411
3,8412
291,8413
291,8414
64,8415
143,8416
255,8417
288,8418
224,8419
291,8420
224,8421
291,8422
143,8423
143,8424
224,8425
224,8426
294,8427
291,8428
182,8429
49,8430
291,8431
139,8432
182,8433
224,8434
182,8435
291,8436
49,8437
64,8438
291,8439
64,8440
179,8441
49,8442
143,8443
288,8444
182,8445
291,8446
224,8447
291,8448
49,8449
288,8450
291,8451
64,8452
291,8453
182,8454
49,8455
49,8456
49,8457
49,8458
64,8459
291,8460
224,8461
49,8462
291,8463
294,8464
182,8465
3,8466
49,8467
291,8468
3,8469
291,8470
49,8471
49,8472
294,8473
182,8474
224,8475
182,8476
64,8477
291,8478
143,8479
291,8480
291,8481
291,8482
49,8483
291,8484
118,8485
3,8486
224,8487
143,8488
182,8489
291,8490
182,8491
49,8492
182,8493
182,8494
291,8495
49,8496
291,8497
49,8498
291,8499
49,8500
291,8501
49,8502
49,8503
49,8504
64,8505
224,8506
64,8507
182,8508
182,8509
49,8510
224,8511
182,8512
182,8513
3,8514
182,8515
291,8516
291,8517
195,8518
3,8519
182,8520
49,8521
224,8522
224,8523
49,8524
182,8525
224,8526
49,8527
49,8528
291,8529
291,8530
3,8531
143,8532
224,8533
182,8534
49,8535
291,8536
49,8537
291,8538
64,8539
49,8540
224,8541
49,8542
64,8543
182,8544
224,8545
49,8546
224,8547
294,8548
291,8549
291,8550
291,8551
182,8552
291,8553
294,8554
182,8555
294,8556
224,8557
49,8558
3,8559
224,8560
291,8561
49,8562
255,8563
182,8564
49,8565
49,8566
49,8567
182,8568
49,8569
224,8570
224,8571
294,8572
195,8573
139,8574
49,8575
291,8576
64,8577
49,8578
139,8579
182,8580
195,8581
224,8582
224,8583
224,8584
49,8585
224,8586
3,8587
143,8588
291,8589
291,8590
49,8591
3,8592
3,8593
49,8594
291,8595
49,8596
49,8597
294,8598
291,8599
49,8600
291,8601
3,8602
291,8603
49,8604
64,8605
182,8606
294,8607
64,8608
224,8609
291,8610
3,8611
49,8612
64,8613
3,8614
64,8615
291,8616
182,8617
255,8618
291,8619
294,8620
49,8621
64,8622
291,8623
291,8624
64,8625
224,8626
224,8627
288,8628
224,8629
224,8630
182,8631
49,8632
49,8633
294,8634
49,8635
182,8636
291,8637
291,8638
182,8639
291,8640
291,8641
182,8642
3,8643
182,8644
49,8645
224,8646
3,8647
143,8648
291,8649
64,8650
64,8651
49,8652
3,8653
64,8654
294,8655
224,8656
182,8657
294,8658
291,8659
224,8660
291,8661
64,8662
3,8663
49,8664
3,8665
291,8666
291,8667
182,8668
49,8669
49,8670
182,8671
49,8672
224,8673
194,8674
194,8675
224,8676
224,8677
291,8678
224,8679
294,8680
294,8681
182,8682
64,8683
49,8684
64,8685
49,8686
64,8687
49,8688
291,8689
182,8690
49,8691
49,8692
224,8693
143,8694
49,8695
291,8696
182,8697
182,8698
182,8699
291,8700
224,8701
49,8702
291,8703
182,8704
49,8705
224,8706
224,8707
49,8708
49,8709
182,8710
294,8711
64,8712
49,8713
143,8714
291,8715
195,8716
291,8717
294,8718
294,8719
49,8720
182,8721
182,8722
291,8723
224,8724
224,8725
224,8726
3,8727
49,8728
49,8729
291,8730
182,8731
3,8732
288,8733
224,8734
49,8735
194,8736
182,8737
182,8738
182,8739
64,8740
291,8741
224,8742
224,8743
195,8744
49,8745
291,8746
49,8747
291,8748
224,8749
3,8750
291,8751
291,8752
3,8753
182,8754
291,8755
294,8756
49,8757
291,8758
224,8759
182,8760
224,8761
182,8762
182,8763
182,8764
49,8765
224,8766
143,8767
182,8768
182,8769
182,8770
3,8771
291,8772
291,8773
291,8774
288,8775
49,8776
49,8777
294,8778
294,8779
224,8780
179,8781
291,8782
224,8783
49,8784
224,8785
291,8786
224,8787
195,8788
291,8789
291,8790
3,8791
182,8792
224,8793
182,8794
3,8795
195,8796
49,8797
291,8798
49,8799
3,8800
224,8801
103,8802
45,8803
217,8804
298,8805
68,8806
45,8807
103,8808
269,8809
269,8810
298,8811
298,8812
217,8813
103,8814
298,8815
103,8816
298,8817
162,8818
103,8819
45,8820
103,8821
68,8822
298,8823
45,8824
45,8825
45,8826
68,8827
103,8828
214,8829
298,8830
45,8831
295,8832
68,8833
298,8834
103,8835
68,8836
68,8837
298,8838
68,8839
45,8840
295,8841
298,8842
45,8843
45,8844
45,8845
298,8846
45,8847
103,8848
162,8849
298,8850
45,8851
45,8852
298,8853
103,8854
289,8855
103,8856
298,8857
68,8858
298,8859
45,8860
217,8861
269,8862
45,8863
217,8864
103,8865
162,8866
45,8867
298,8868
298,8869
45,8870
68,8871
295,8872
298,8873
217,8874
45,8875
68,8876
103,8877
45,8878
298,8879
45,8880
68,8881
8,8882
45,8883
68,8884
298,8885
298,8886
298,8887
298,8888
103,8889
103,8890
45,8891
45,8892
298,8893
298,8894
45,8895
298,8896
45,8897
45,8898
269,8899
45,8900
298,8901
103,8902
45,8903
45,8904
298,8905
295,8906
88,8907
298,8908
298,8909
68,8910
45,8911
103,8912
45,8913
68,8914
45,8915
298,8916
45,8917
45,8918
298,8919
298,8920
68,8921
103,8922
298,8923
217,8924
45,8925
103,8926
45,8927
298,8928
298,8929
217,8930
8,8931
103,8932
217,8933
68,8934
68,8935
103,8936
269,8937
298,8938
45,8939
298,8940
45,8941
298,8942
45,8943
217,8944
298,8945
103,8946
45,8947
45,8948
103,8949
298,8950
103,8951
298,8952
103,8953
162,8954
103,8955
295,8956
162,8957
103,8958
298,8959
103,8960
45,8961
68,8962
45,8963
103,8964
45,8965
68,8966
68,8967
298,8968
103,8969
298,8970
217,8971
298,8972
298,8973
214,8974
68,8975
68,8976
68,8977
298,8978
103,8979
298,8980
298,8981
68,8982
103,8983
269,8984
45,8985
103,8986
45,8987
45,8988
298,8989
162,8990
103,8991
45,8992
298,8993
298,8994
298,8995
298,8996
68,8997
45,8998
103,8999
298,9000
